         --- PACKET LOG ---
CHANNEL: DatagramSocket1
INTERLEAVER DEPTH: 2
TIMESTAMP: 10-03-2026_23-40-59
-----------------------------------------
SEQ NO RECEIVED  DELAY(ms)  STATUS      
0      1         2          OK          
1      1         0          OK          
2      1         0          OK          
3      1         0          OK          
4      1         1          OK          
5      1         1          OK          
6      1         0          OK          
7      1         0          OK          
8      1         0          OK          
9      1         1          OK          
10     1         0          OK          
11     1         0          OK          
12     1         0          OK          
13     1         1          OK          
14     1         0          OK          
15     1         0          OK          
16     1         1          OK          
17     1         1          OK          
18     1         0          OK          
19     1         0          OK          
20     1         0          OK          
21     1         0          OK          
22     1         0          OK          
23     1         1          OK          
24     1         1          OK          
25     1         1          OK          
26     1         0          OK          
27     1         0          OK          
28     1         0          OK          
29     1         1          OK          
30     1         0          OK          
31     1         0          OK          
32     1         0          OK          
33     1         1          OK          
34     1         0          OK          
35     1         0          OK          
36     1         0          OK          
37     1         0          OK          
38     1         0          OK          
39     1         0          OK          
40     1         0          OK          
41     1         1          OK          
42     1         0          OK          
43     1         0          OK          
44     1         1          OK          
45     1         1          OK          
46     1         0          OK          
47     1         0          OK          
48     1         1          OK          
49     1         1          OK          
50     1         0          OK          
51     1         0          OK          
52     1         0          OK          
53     1         0          OK          
54     1         0          OK          
55     1         1          OK          
56     1         0          OK          
57     1         0          OK          
58     1         0          OK          
59     1         0          OK          
60     1         1          OK          
61     1         0          OK          
62     1         0          OK          
63     1         0          OK          
64     1         1          OK          
65     1         1          OK          
66     1         0          OK          
67     1         0          OK          
68     1         1          OK          
69     1         1          OK          
70     1         0          OK          
71     1         0          OK          
72     1         0          OK          
73     1         2          OK          
74     1         0          OK          
75     1         0          OK          
76     1         0          OK          
77     1         0          OK          
78     1         0          OK          
79     1         0          OK          
80     1         1          OK          
81     1         1          OK          
82     1         0          OK          
83     1         0          OK          
84     1         0          OK          
85     1         0          OK          
86     1         1          OK          
87     1         1          OK          
88     1         0          OK          
89     1         0          OK          
90     1         1          OK          
91     1         1          OK          
92     1         0          OK          
93     1         0          OK          
94     1         0          OK          
95     1         0          OK          
96     1         0          OK          
97     1         0          OK          
98     1         1          OK          
99     1         1          OK          
100    1         0          OK          
101    1         0          OK          
102    1         0          OK          
103    1         0          OK          
104    1         0          OK          
105    1         0          OK          
106    1         0          OK          
107    1         0          OK          
108    1         0          OK          
109    1         0          OK          
110    1         0          OK          
111    1         0          OK          
112    1         0          OK          
113    1         0          OK          
114    1         0          OK          
115    1         0          OK          
116    1         0          OK          
117    1         0          OK          
118    1         0          OK          
119    1         1          OK          
120    1         1          OK          
121    1         2          OK          
122    1         0          OK          
123    1         1          OK          
124    1         0          OK          
125    1         0          OK          
126    1         0          OK          
127    1         0          OK          
128    1         0          OK          
129    1         0          OK          
130    1         0          OK          
131    1         1          OK          
132    1         0          OK          
133    1         0          OK          
134    1         0          OK          
135    1         0          OK          
136    1         0          OK          
137    1         0          OK          
138    1         0          OK          
139    1         0          OK          
140    1         0          OK          
141    1         0          OK          
142    1         2          OK          
143    1         2          OK          
144    1         0          OK          
145    1         0          OK          
146    1         0          OK          
147    1         0          OK          
148    1         0          OK          
149    1         0          OK          
150    1         1          OK          
151    1         1          OK          
152    1         0          OK          
153    1         0          OK          
154    1         0          OK          
155    1         0          OK          
156    1         0          OK          
157    1         0          OK          
158    1         0          OK          
159    1         0          OK          
160    1         0          OK          
161    1         1          OK          
162    1         0          OK          
163    1         0          OK          
164    1         0          OK          
165    1         0          OK          
166    1         0          OK          
167    1         0          OK          
168    1         0          OK          
169    1         0          OK          
170    1         0          OK          
171    1         0          OK          
172    1         0          OK          
173    1         0          OK          
174    1         0          OK          
175    1         0          OK          
176    1         0          OK          
177    1         0          OK          
178    1         0          OK          
179    1         0          OK          
180    1         0          OK          
181    1         0          OK          
182    1         0          OK          
183    1         1          OK          
184    1         0          OK          
185    1         0          OK          
186    1         0          OK          
187    1         0          OK          
188    1         0          OK          
189    1         0          OK          
190    1         0          OK          
191    1         0          OK          
192    1         0          OK          
193    1         0          OK          
194    1         1          OK          
195    1         1          OK          
196    1         0          OK          
197    1         0          OK          
198    1         0          OK          
199    1         0          OK          
200    1         0          OK          
201    1         0          OK          
202    1         0          OK          
203    1         0          OK          
204    1         0          OK          
205    1         0          OK          
206    1         1          OK          
207    1         1          OK          
208    1         0          OK          
209    1         0          OK          
210    1         0          OK          
211    1         0          OK          
212    1         0          OK          
213    1         1          OK          
214    1         0          OK          
215    1         0          OK          
216    1         0          OK          
217    1         0          OK          
218    1         0          OK          
219    1         0          OK          
220    1         1          OK          
221    1         1          OK          
222    1         0          OK          
223    1         0          OK          
224    1         1          OK          
225    1         1          OK          
226    1         0          OK          
227    1         0          OK          
228    1         0          OK          
229    1         0          OK          
230    1         0          OK          
231    1         0          OK          
232    1         0          OK          
233    1         0          OK          
234    1         0          OK          
235    1         0          OK          
236    1         0          OK          
237    1         0          OK          
238    1         0          OK          
239    1         0          OK          
240    1         0          OK          
241    1         0          OK          
242    1         0          OK          
243    1         1          OK          
244    1         0          OK          
245    1         0          OK          
246    1         0          OK          
247    1         0          OK          
248    1         0          OK          
249    1         0          OK          
250    1         0          OK          
251    1         0          OK          
252    1         0          OK          
253    1         0          OK          
254    1         0          OK          
255    1         0          OK          
256    1         0          OK          
257    1         0          OK          
258    1         0          OK          
259    1         0          OK          
260    1         0          OK          
261    1         0          OK          
262    1         0          OK          
263    1         0          OK          
264    1         0          OK          
265    1         0          OK          
266    1         0          OK          
267    1         0          OK          
268    1         0          OK          
269    1         0          OK          
270    1         0          OK          
271    1         0          OK          
272    1         0          OK          
273    1         0          OK          
274    1         0          OK          
275    1         0          OK          
276    1         0          OK          
277    1         0          OK          
278    1         0          OK          
279    1         0          OK          
280    1         0          OK          
281    1         0          OK          
282    1         0          OK          
283    1         0          OK          
284    1         0          OK          
285    1         0          OK          
286    1         0          OK          
287    1         0          OK          
288    1         1          OK          
289    1         1          OK          
290    1         0          OK          
291    1         0          OK          
292    1         0          OK          
293    1         0          OK          
294    1         0          OK          
295    1         0          OK          
296    1         0          OK          
297    1         0          OK          
298    1         0          OK          
299    1         0          OK          
300    1         0          OK          
301    1         0          OK          
302    1         0          OK          
303    1         0          OK          
304    1         0          OK          
305    1         0          OK          
306    1         0          OK          
307    1         0          OK          
308    1         0          OK          
309    1         0          OK          
310    1         0          OK          
311    1         0          OK          
312    1         0          OK          
313    1         0          OK          
314    1         0          OK          
315    1         0          OK          
316    1         0          OK          
317    1         0          OK          
318    1         0          OK          
319    1         0          OK          
320    1         0          OK          
321    1         0          OK          
322    1         0          OK          
323    1         0          OK          
324    1         0          OK          
325    1         0          OK          
326    1         0          OK          
327    1         0          OK          
328    1         0          OK          
329    1         0          OK          
330    1         1          OK          
331    1         0          OK          
332    1         0          OK          
333    1         0          OK          
334    1         0          OK          
335    1         0          OK          
336    1         0          OK          
337    1         0          OK          
338    1         0          OK          
339    1         0          OK          
340    1         0          OK          
341    1         0          OK          
342    1         1          OK          
343    1         0          OK          
344    1         0          OK          
345    1         2          OK          
346    1         2          OK          
347    1         2          OK          
348    1         0          OK          
349    1         0          OK          
350    1         0          OK          
351    1         0          OK          
352    1         0          OK          
353    1         0          OK          
354    1         0          OK          
355    1         0          OK          
356    1         0          OK          
357    1         0          OK          
358    1         0          OK          
359    1         0          OK          
360    1         0          OK          
361    1         0          OK          
362    1         0          OK          
363    1         0          OK          
364    1         0          OK          
365    1         0          OK          
366    1         0          OK          
367    1         0          OK          
368    1         0          OK          
369    1         0          OK          
370    1         0          OK          
371    1         0          OK          
372    1         0          OK          
373    1         0          OK          
374    1         0          OK          
375    1         0          OK          
376    1         0          OK          
377    1         0          OK          
378    1         0          OK          
379    1         0          OK          
380    1         0          OK          
381    1         0          OK          
382    1         0          OK          
383    1         0          OK          
384    1         0          OK          
385    1         0          OK          
386    1         0          OK          
387    1         0          OK          
388    1         0          OK          
389    1         0          OK          
390    1         0          OK          
391    1         0          OK          
392    1         0          OK          
393    1         0          OK          
394    1         0          OK          
395    1         0          OK          
396    1         0          OK          
397    1         0          OK          
398    1         0          OK          
399    1         0          OK          
400    1         0          OK          
401    1         0          OK          
402    1         0          OK          
403    1         0          OK          
404    1         0          OK          
405    1         0          OK          
406    1         0          OK          
407    1         0          OK          
408    1         0          OK          
409    1         0          OK          
410    1         0          OK          
411    1         0          OK          
412    1         0          OK          
413    1         0          OK          
414    1         0          OK          
415    1         0          OK          
416    1         0          OK          
417    1         0          OK          
418    1         0          OK          
419    1         0          OK          
420    1         0          OK          
421    1         1          OK          
422    1         0          OK          
423    1         0          OK          
424    1         0          OK          
425    1         1          OK          
426    1         0          OK          
427    1         0          OK          
428    1         0          OK          
429    1         0          OK          
430    1         0          OK          
431    1         1          OK          
432    1         0          OK          
433    1         0          OK          
434    1         0          OK          
435    1         0          OK          
436    1         0          OK          
437    1         0          OK          
438    1         0          OK          
439    1         0          OK          
440    1         0          OK          
441    1         0          OK          
442    1         0          OK          
443    1         1          OK          
444    1         0          OK          
445    1         0          OK          
446    1         1          OK          
447    1         1          OK          
448    1         0          OK          
449    1         0          OK          
450    1         1          OK          
451    1         1          OK          
452    1         0          OK          
453    1         0          OK          
454    1         0          OK          
455    1         0          OK          
456    1         0          OK          
457    1         0          OK          
458    1         0          OK          
459    1         0          OK          
460    1         0          OK          
461    1         0          OK          
462    1         0          OK          
463    1         0          OK          
464    1         0          OK          
465    1         0          OK          
466    1         0          OK          
467    1         0          OK          
468    1         0          OK          
469    1         0          OK          
470    1         0          OK          
471    1         0          OK          
472    1         0          OK          
473    1         0          OK          
474    1         0          OK          
475    1         0          OK          
476    1         0          OK          
477    1         0          OK          
478    1         0          OK          
479    1         0          OK          
480    1         0          OK          
481    1         0          OK          
482    1         0          OK          
483    1         0          OK          
484    1         0          OK          
485    1         0          OK          
486    1         0          OK          
487    1         0          OK          
488    1         0          OK          
489    1         0          OK          
490    1         0          OK          
491    1         0          OK          
492    1         0          OK          
493    1         0          OK          
494    1         0          OK          
495    1         0          OK          
496    1         0          OK          
497    1         0          OK          
498    1         0          OK          
499    1         0          OK          
500    1         0          OK          
501    1         0          OK          
502    1         0          OK          
503    1         0          OK          
504    1         0          OK          
505    1         0          OK          
506    1         0          OK          
507    1         0          OK          
508    1         0          OK          
509    1         0          OK          
510    1         0          OK          
511    1         0          OK          
512    1         0          OK          
513    1         0          OK          
514    1         0          OK          
515    1         0          OK          
516    1         0          OK          
517    1         1          OK          
518    1         0          OK          
519    1         0          OK          
520    1         0          OK          
521    1         0          OK          
522    1         0          OK          
523    1         0          OK          
524    1         1          OK          
525    1         0          OK          
526    1         0          OK          
527    1         0          OK          
528    1         0          OK          
529    1         0          OK          
530    1         0          OK          
531    1         0          OK          
532    1         0          OK          
533    1         0          OK          
534    1         0          OK          
535    1         0          OK          
536    1         0          OK          
537    1         0          OK          
538    1         0          OK          
539    1         0          OK          
540    1         0          OK          
541    1         0          OK          
542    1         0          OK          
543    1         0          OK          
544    1         0          OK          
545    1         0          OK          
546    1         0          OK          
547    1         0          OK          
548    1         0          OK          
549    1         0          OK          
550    1         0          OK          
551    1         0          OK          
552    1         0          OK          
553    1         0          OK          
554    1         0          OK          
555    1         0          OK          
556    1         0          OK          
557    1         0          OK          
558    1         0          OK          
559    1         0          OK          
560    1         0          OK          
561    1         0          OK          
562    1         0          OK          
563    1         0          OK          
564    1         1          OK          
565    1         1          OK          
566    1         0          OK          
567    1         0          OK          
568    1         0          OK          
569    1         0          OK          
570    1         0          OK          
571    1         0          OK          
572    1         0          OK          
573    1         0          OK          
574    1         0          OK          
575    1         0          OK          
576    1         0          OK          
577    1         0          OK          
578    1         0          OK          
579    1         0          OK          
580    1         0          OK          
581    1         0          OK          
582    1         0          OK          
583    1         0          OK          
584    1         0          OK          
585    1         0          OK          
586    1         1          OK          
587    1         1          OK          
588    1         0          OK          
589    1         0          OK          
590    1         0          OK          
591    1         0          OK          
592    1         0          OK          
593    1         0          OK          
594    1         0          OK          
595    1         0          OK          
596    1         0          OK          
597    1         0          OK          
598    1         0          OK          
599    1         0          OK          
600    1         0          OK          
601    1         0          OK          
602    1         0          OK          
603    1         0          OK          
604    1         0          OK          
605    1         0          OK          
606    1         0          OK          
607    1         0          OK          
608    1         0          OK          
609    1         0          OK          
610    1         0          OK          
611    1         0          OK          
612    1         0          OK          
613    1         0          OK          
614    1         1          OK          
615    1         1          OK          
616    1         0          OK          
617    1         0          OK          
618    1         0          OK          
619    1         0          OK          
620    1         0          OK          
621    1         0          OK          
622    1         0          OK          
623    1         0          OK          
624    1         0          OK          
625    1         0          OK          
626    1         0          OK          
627    1         0          OK          
628    1         0          OK          
629    1         0          OK          
630    1         0          OK          
631    1         0          OK          
632    1         0          OK          
633    1         0          OK          
634    1         0          OK          
635    1         0          OK          
636    1         0          OK          
637    1         0          OK          
638    1         0          OK          
639    1         0          OK          
640    1         0          OK          
641    1         0          OK          
642    1         0          OK          
643    1         0          OK          
644    1         0          OK          
645    1         0          OK          
646    1         1          OK          
647    1         1          OK          
648    1         0          OK          
649    1         0          OK          
650    1         1          OK          
651    1         1          OK          
652    1         0          OK          
653    1         1          OK          
654    1         1          OK          
655    1         2          OK          
656    1         0          OK          
657    1         0          OK          
658    1         0          OK          
659    1         0          OK          
660    1         0          OK          
661    1         0          OK          
662    1         0          OK          
663    1         0          OK          
664    1         0          OK          
665    1         0          OK          
666    1         0          OK          
667    1         0          OK          
668    1         0          OK          
669    1         0          OK          
670    1         0          OK          
671    1         0          OK          
672    1         0          OK          
673    1         0          OK          
674    1         0          OK          
675    1         0          OK          
676    1         0          OK          
677    1         0          OK          
678    1         0          OK          
679    1         0          OK          
680    1         0          OK          
681    1         0          OK          
682    1         0          OK          
683    1         0          OK          
684    1         0          OK          
685    1         0          OK          
686    1         0          OK          
687    1         0          OK          
688    1         0          OK          
689    1         0          OK          
690    1         0          OK          
691    1         0          OK          
692    1         0          OK          
693    1         0          OK          
694    1         1          OK          
695    1         0          OK          
696    1         0          OK          
697    1         0          OK          
698    1         1          OK          
699    1         1          OK          
700    1         0          OK          
701    1         0          OK          
702    1         0          OK          
703    1         0          OK          
704    1         0          OK          
705    1         0          OK          
706    1         0          OK          
707    1         0          OK          
708    1         0          OK          
709    1         0          OK          
710    1         0          OK          
711    1         0          OK          
712    1         0          OK          
713    1         0          OK          
714    1         0          OK          
715    1         0          OK          
716    1         0          OK          
717    1         0          OK          
718    1         0          OK          
719    1         0          OK          
720    1         0          OK          
721    1         0          OK          
722    1         0          OK          
723    1         0          OK          
724    1         0          OK          
725    1         0          OK          
726    1         0          OK          
727    1         0          OK          
728    1         0          OK          
729    1         2          OK          
730    1         0          OK          
731    1         0          OK          
732    1         1          OK          
733    1         0          OK          
734    1         0          OK          
735    1         0          OK          
736    1         0          OK          
737    1         0          OK          
738    1         0          OK          
739    1         0          OK          
740    1         0          OK          
741    1         0          OK          
742    1         0          OK          
743    1         0          OK          
744    1         0          OK          
745    1         0          OK          
746    1         0          OK          
747    1         0          OK          
748    1         0          OK          
749    1         0          OK          
750    1         0          OK          
751    1         0          OK          
752    1         0          OK          
753    1         0          OK          
754    1         0          OK          
755    1         0          OK          
756    1         1          OK          
757    1         1          OK          
758    1         0          OK          
759    1         0          OK          
760    1         1          OK          
761    1         0          OK          
762    1         0          OK          
763    1         0          OK          
764    1         1          OK          
765    1         1          OK          
766    1         0          OK          
767    1         0          OK          
768    1         0          OK          
769    1         0          OK          
770    1         0          OK          
771    1         0          OK          
772    1         0          OK          
773    1         0          OK          
774    1         0          OK          
775    1         0          OK          
776    1         0          OK          
777    1         0          OK          
778    1         0          OK          
779    1         0          OK          
780    1         0          OK          
781    1         0          OK          
782    1         0          OK          
783    1         0          OK          
784    1         0          OK          
785    1         0          OK          
786    1         0          OK          
787    1         0          OK          
788    1         0          OK          
789    1         0          OK          
790    1         0          OK          
791    1         0          OK          
792    1         0          OK          
793    1         0          OK          
794    1         0          OK          
795    1         0          OK          
796    1         0          OK          
797    1         0          OK          
798    1         0          OK          
799    1         1          OK          
800    1         0          OK          
801    1         0          OK          
802    1         0          OK          
803    1         0          OK          
804    1         0          OK          
805    1         0          OK          
806    1         0          OK          
807    1         0          OK          
808    1         0          OK          
809    1         0          OK          
810    1         0          OK          
811    1         0          OK          
812    1         1          OK          
813    1         0          OK          
814    1         0          OK          
815    1         0          OK          
816    1         0          OK          
817    1         0          OK          
818    1         0          OK          
819    1         0          OK          
820    1         0          OK          
821    1         0          OK          
822    1         0          OK          
823    1         0          OK          
824    1         0          OK          
825    1         0          OK          
826    1         0          OK          
827    1         0          OK          
828    1         0          OK          
829    1         0          OK          
830    1         0          OK          
831    1         0          OK          
832    1         0          OK          
833    1         0          OK          
834    1         0          OK          
835    1         0          OK          
836    1         0          OK          
837    1         0          OK          
838    1         0          OK          
839    1         0          OK          
840    1         0          OK          
841    1         0          OK          
842    1         0          OK          
843    1         0          OK          
844    1         0          OK          
845    1         0          OK          
846    1         1          OK          
847    1         1          OK          
848    1         0          OK          
849    1         0          OK          
850    1         0          OK          
851    1         0          OK          
852    1         0          OK          
853    1         0          OK          
854    1         1          OK          
855    1         1          OK          
856    1         0          OK          
857    1         0          OK          
858    1         0          OK          
859    1         0          OK          
860    1         0          OK          
861    1         1          OK          
862    1         1          OK          
863    1         1          OK          
864    1         0          OK          
865    1         0          OK          
866    1         0          OK          
867    1         0          OK          
868    1         0          OK          
869    1         0          OK          
870    1         0          OK          
871    1         0          OK          
872    1         0          OK          
873    1         0          OK          
874    1         0          OK          
875    1         0          OK          
876    1         0          OK          
877    1         0          OK          
878    1         0          OK          
879    1         0          OK          
880    1         0          OK          
881    1         0          OK          
882    1         0          OK          
883    1         0          OK          
884    1         0          OK          
885    1         0          OK          
886    1         1          OK          
887    1         1          OK          
888    1         0          OK          
889    1         0          OK          
890    1         0          OK          
891    1         0          OK          
892    1         0          OK          
893    1         0          OK          
894    1         0          OK          
895    1         0          OK          
896    1         0          OK          
897    1         0          OK          
898    1         0          OK          
899    1         0          OK          
900    1         0          OK          
901    1         0          OK          
902    1         0          OK          
903    1         0          OK          
904    1         0          OK          
905    1         0          OK          
906    1         1          OK          
907    1         1          OK          
908    1         0          OK          
909    1         1          OK          
910    1         0          OK          
911    1         0          OK          
912    1         0          OK          
913    1         0          OK          
914    1         0          OK          
915    1         0          OK          
916    1         0          OK          
917    1         0          OK          
918    1         0          OK          
919    1         0          OK          
920    1         0          OK          
921    1         0          OK          
922    1         0          OK          
923    1         0          OK          
924    1         0          OK          
925    1         0          OK          
926    1         0          OK          
927    1         0          OK          
928    1         0          OK          
929    1         0          OK          
930    1         0          OK          
931    1         0          OK          
932    1         0          OK          
933    1         0          OK          
934    1         0          OK          
935    1         0          OK          
936    1         0          OK          
937    1         0          OK          
938    1         1          OK          
939    1         1          OK          
940    1         0          OK          
941    1         0          OK          
942    1         0          OK          
943    1         0          OK          
944    1         0          OK          
945    1         1          OK          
946    1         1          OK          
947    1         0          OK          
948    1         0          OK          
949    1         0          OK          
950    1         0          OK          
951    1         0          OK          
952    1         0          OK          
953    1         0          OK          
954    1         0          OK          
955    1         0          OK          
956    1         0          OK          
957    1         0          OK          
958    1         0          OK          
959    1         0          OK          
960    1         0          OK          
961    1         0          OK          
962    1         0          OK          
963    1         0          OK          
964    1         0          OK          
965    1         0          OK          
966    1         0          OK          
967    1         0          OK          
968    1         1          OK          
969    1         1          OK          
970    1         0          OK          
971    1         0          OK          
972    1         0          OK          
973    1         0          OK          
974    1         0          OK          
975    1         0          OK          
976    1         0          OK          
977    1         0          OK          
978    1         0          OK          
979    1         0          OK          
980    1         0          OK          
981    1         0          OK          
982    1         0          OK          
983    1         0          OK          
984    1         1          OK          
985    1         1          OK          
986    1         0          OK          
987    1         0          OK          
988    1         0          OK          
989    1         0          OK          
990    1         0          OK          
991    1         0          OK          
992    1         0          OK          
993    1         0          OK          
994    1         0          OK          
995    1         0          OK          
996    1         0          OK          
997    1         0          OK          
998    1         0          OK          
999    1         0          OK          
1000   1         1          OK          
1001   1         1          OK          
1002   1         0          OK          
1003   1         0          OK          
1004   1         0          OK          
1005   1         0          OK          
1006   1         0          OK          
1007   1         0          OK          
1008   1         0          OK          
1009   1         0          OK          
1010   1         0          OK          
1011   1         0          OK          
1012   1         0          OK          
1013   1         0          OK          
1014   1         0          OK          
1015   1         0          OK          
1016   1         0          OK          
1017   1         0          OK          
1018   1         0          OK          
1019   1         0          OK          
1020   1         0          OK          
1021   1         0          OK          
1022   1         0          OK          
1023   1         0          OK          
1024   1         0          OK          
1025   1         0          OK          
1026   1         0          OK          
1027   1         0          OK          
1028   1         1          OK          
1029   1         1          OK          
1030   1         0          OK          
1031   1         0          OK          
1032   1         0          OK          
1033   1         0          OK          
1034   1         0          OK          
1035   1         0          OK          
1036   1         0          OK          
1037   1         0          OK          
1038   1         0          OK          
1039   1         0          OK          
1040   1         0          OK          
1041   1         0          OK          
1042   1         0          OK          
1043   1         0          OK          
1044   1         0          OK          
1045   1         0          OK          
1046   1         0          OK          
1047   1         0          OK          
1048   1         0          OK          
1049   1         0          OK          
1050   1         0          OK          
1051   1         0          OK          
1052   1         0          OK          
1053   1         0          OK          
1054   1         1          OK          
1055   1         1          OK          
1056   1         0          OK          
1057   1         0          OK          
1058   1         1          OK          
1059   1         1          OK          
1060   1         0          OK          
1061   1         0          OK          
1062   1         0          OK          
1063   1         0          OK          
1064   1         0          OK          
1065   1         0          OK          
1066   1         0          OK          
1067   1         0          OK          
1068   1         0          OK          
1069   1         0          OK          
1070   1         0          OK          
1071   1         0          OK          
1072   1         0          OK          
1073   1         0          OK          
1074   1         0          OK          
1075   1         0          OK          
1076   1         0          OK          
1077   1         0          OK          
1078   1         0          OK          
1079   1         0          OK          
1080   1         0          OK          
1081   1         0          OK          
1082   1         0          OK          
1083   1         0          OK          
1084   1         0          OK          
1085   1         0          OK          
1086   1         0          OK          
1087   1         0          OK          
1088   1         0          OK          
1089   1         0          OK          
1090   1         0          OK          
1091   1         0          OK          
1092   1         0          OK          
1093   1         0          OK          
1094   1         0          OK          
1095   1         0          OK          
1096   1         0          OK          
1097   1         0          OK          
1098   1         0          OK          
1099   1         0          OK          
1100   1         0          OK          
1101   1         0          OK          
1102   1         0          OK          
1103   1         0          OK          
1104   1         0          OK          
1105   1         0          OK          
1106   1         0          OK          
1107   1         0          OK          
1108   1         0          OK          
1109   1         0          OK          
1110   1         0          OK          
1111   1         0          OK          
1112   1         0          OK          
1113   1         0          OK          
1114   1         0          OK          
1115   1         0          OK          
1116   1         0          OK          
1117   1         0          OK          
1118   1         0          OK          
1119   1         0          OK          
1120   1         0          OK          
1121   1         0          OK          
1122   1         0          OK          
1123   1         0          OK          
1124   1         0          OK          
1125   1         0          OK          
1126   1         0          OK          
1127   1         0          OK          
1128   1         0          OK          
1129   1         0          OK          
1130   1         0          OK          
1131   1         0          OK          
1132   1         0          OK          
1133   1         0          OK          
1134   1         0          OK          
1135   1         0          OK          
1136   1         0          OK          
1137   1         0          OK          
1138   1         0          OK          
1139   1         0          OK          
1140   1         0          OK          
1141   1         0          OK          
1142   1         0          OK          
1143   1         0          OK          
1144   1         0          OK          
1145   1         0          OK          
1146   1         0          OK          
1147   1         0          OK          
1148   1         0          OK          
1149   1         0          OK          
1150   1         1          OK          
1151   1         0          OK          
1152   1         0          OK          
1153   1         0          OK          
1154   1         0          OK          
1155   1         0          OK          
1156   1         0          OK          
1157   1         0          OK          
1158   1         0          OK          
1159   1         0          OK          
1160   1         0          OK          
1161   1         0          OK          
1162   1         1          OK          
1163   1         1          OK          
1164   1         0          OK          
1165   1         0          OK          
1166   1         0          OK          
1167   1         0          OK          
1168   1         1          OK          
1169   1         0          OK          
1170   1         0          OK          
1171   1         0          OK          
1172   1         0          OK          
1173   1         0          OK          
1174   1         0          OK          
1175   1         1          OK          
1176   1         1          OK          
1177   1         0          OK          
1178   1         0          OK          
1179   1         1          OK          
1180   1         0          OK          
1181   1         0          OK          
1182   1         0          OK          
1183   1         0          OK          
1184   1         0          OK          
1185   1         0          OK          
1186   1         0          OK          
1187   1         0          OK          
1188   1         0          OK          
1189   1         0          OK          
1190   1         0          OK          
1191   1         0          OK          
1192   1         0          OK          
1193   1         0          OK          
1194   1         0          OK          
1195   1         0          OK          
1196   1         0          OK          
1197   1         0          OK          
1198   1         0          OK          
1199   1         0          OK          
1200   1         0          OK          
1201   1         0          OK          
1202   1         0          OK          
1203   1         0          OK          
1204   1         0          OK          
1205   1         0          OK          
1206   1         0          OK          
1207   1         0          OK          
1208   1         0          OK          
1209   1         0          OK          
1210   1         0          OK          
1211   1         0          OK          
1212   1         0          OK          
1213   1         0          OK          
1214   1         0          OK          
1215   1         0          OK          
1216   1         0          OK          
1217   1         0          OK          
1218   1         0          OK          
1219   1         0          OK          
1220   1         0          OK          
1221   1         0          OK          
1222   1         0          OK          
1223   1         0          OK          
1224   1         0          OK          
1225   1         0          OK          
1226   1         0          OK          
1227   1         0          OK          
1228   1         0          OK          
1229   1         0          OK          
1230   1         0          OK          
1231   1         0          OK          
1232   1         0          OK          
1233   1         0          OK          
1234   1         0          OK          
1235   1         0          OK          
1236   1         0          OK          
1237   1         0          OK          
1238   1         0          OK          
1239   1         0          OK          
1240   1         0          OK          
1241   1         0          OK          
1242   1         0          OK          
1243   1         0          OK          
1244   1         0          OK          
1245   1         0          OK          
1246   1         0          OK          
1247   1         0          OK          
1248   1         0          OK          
1249   1         0          OK          
1250   1         0          OK          
1251   1         0          OK          
1252   1         1          OK          
1253   1         1          OK          
1254   1         0          OK          
1255   1         0          OK          
1256   1         1          OK          
1257   1         1          OK          
1258   1         0          OK          
1259   1         0          OK          
1260   1         0          OK          
1261   1         0          OK          
1262   1         0          OK          
1263   1         0          OK          
1264   1         1          OK          
1265   1         1          OK          
1266   1         0          OK          
1267   1         0          OK          
1268   1         0          OK          
1269   1         1          OK          
1270   1         0          OK          
1271   1         0          OK          
1272   1         0          OK          
1273   1         0          OK          
1274   1         0          OK          
1275   1         0          OK          
1276   1         0          OK          
1277   1         0          OK          
1278   1         0          OK          
1279   1         0          OK          
1280   1         1          OK          
1281   1         1          OK          
1282   1         0          OK          
1283   1         0          OK          
1284   1         0          OK          
1285   1         0          OK          
1286   1         0          OK          
1287   1         0          OK          
1288   1         0          OK          
1289   1         0          OK          
1290   1         0          OK          
1291   1         0          OK          
1292   1         0          OK          
1293   1         0          OK          
1294   1         0          OK          
1295   1         0          OK          
1296   1         0          OK          
1297   1         0          OK          
1298   1         0          OK          
1299   1         0          OK          
1300   1         1          OK          
1301   1         1          OK          
1302   1         0          OK          
1303   1         0          OK          
1304   1         0          OK          
1305   1         0          OK          
1306   1         0          OK          
1307   1         0          OK          
1308   1         0          OK          
1309   1         0          OK          
1310   1         0          OK          
1311   1         0          OK          
1312   1         0          OK          
1313   1         0          OK          
1314   1         0          OK          
1315   1         0          OK          
1316   1         0          OK          
1317   1         0          OK          
1318   1         0          OK          
1319   1         0          OK          
1320   1         0          OK          
1321   1         0          OK          
1322   1         0          OK          
1323   1         0          OK          
1324   1         1          OK          
1325   1         0          OK          
1326   1         0          OK          
1327   1         0          OK          
1328   1         0          OK          
1329   1         0          OK          
1330   1         0          OK          
1331   1         0          OK          
1332   1         0          OK          
1333   1         0          OK          
1334   1         0          OK          
1335   1         0          OK          
1336   1         0          OK          
1337   1         0          OK          
1338   1         0          OK          
1339   1         0          OK          
1340   1         0          OK          
1341   1         0          OK          
1342   1         2          OK          
1343   1         2          OK          
1344   1         0          OK          
1345   1         0          OK          
1346   1         0          OK          
1347   1         0          OK          
1348   1         0          OK          
1349   1         0          OK          
1350   1         0          OK          
1351   1         0          OK          
1352   1         0          OK          
1353   1         0          OK          
1354   1         1          OK          
1355   1         1          OK          
1356   1         0          OK          
1357   1         0          OK          
1358   1         0          OK          
1359   1         0          OK          
1360   1         0          OK          
1361   1         0          OK          
1362   1         1          OK          
1363   1         1          OK          
1364   1         0          OK          
1365   1         0          OK          
1366   1         0          OK          
1367   1         0          OK          
1368   1         0          OK          
1369   1         0          OK          
1370   1         1          OK          
1371   1         1          OK          
1372   1         0          OK          
1373   1         0          OK          
1374   1         0          OK          
1375   1         0          OK          
1376   1         0          OK          
1377   1         0          OK          
1378   1         0          OK          
1379   1         0          OK          
1380   1         0          OK          
1381   1         0          OK          
1382   1         1          OK          
1383   1         1          OK          
1384   1         0          OK          
1385   1         0          OK          
1386   1         1          OK          
1387   1         1          OK          
1388   1         0          OK          
1389   1         0          OK          
1390   1         0          OK          
1391   1         0          OK          
1392   1         0          OK          
1393   1         0          OK          
1394   1         0          OK          
1395   1         0          OK          
1396   1         0          OK          
1397   1         0          OK          
1398   1         0          OK          
1399   1         0          OK          
1400   1         0          OK          
1401   1         0          OK          
1402   1         0          OK          
1403   1         0          OK          
1404   1         0          OK          
1405   1         0          OK          
1406   1         0          OK          
1407   1         0          OK          
1408   1         0          OK          
1409   1         0          OK          
1410   1         0          OK          
1411   1         0          OK          
1412   1         0          OK          
1413   1         0          OK          
1414   1         0          OK          
1415   1         0          OK          
1416   1         0          OK          
1417   1         0          OK          
1418   1         1          OK          
1419   1         1          OK          
1420   1         0          OK          
1421   1         0          OK          
1422   1         0          OK          
1423   1         0          OK          
1424   1         1          OK          
1425   1         0          OK          
1426   1         0          OK          
1427   1         0          OK          
1428   1         0          OK          
1429   1         1          OK          
1430   1         0          OK          
1431   1         1          OK          
1432   1         0          OK          
1433   1         0          OK          
1434   1         0          OK          
1435   1         0          OK          
1436   1         0          OK          
1437   1         0          OK          
1438   1         0          OK          
1439   1         0          OK          
1440   1         0          OK          
1441   1         0          OK          
1442   1         0          OK          
1443   1         0          OK          
1444   1         0          OK          
1445   1         0          OK          
1446   1         0          OK          
1447   1         1          OK          
1448   1         0          OK          
1449   1         0          OK          
1450   1         0          OK          
1451   1         0          OK          
1452   1         0          OK          
1453   1         0          OK          
1454   1         0          OK          
1455   1         0          OK          
1456   1         0          OK          
1457   1         0          OK          
1458   1         0          OK          
1459   1         0          OK          
1460   1         0          OK          
1461   1         0          OK          
1462   1         0          OK          
1463   1         1          OK          
1464   1         0          OK          
1465   1         0          OK          
1466   1         0          OK          
1467   1         0          OK          
1468   1         0          OK          
1469   1         0          OK          
1470   1         0          OK          
1471   1         0          OK          
1472   1         0          OK          
1473   1         0          OK          
1474   1         0          OK          
1475   1         0          OK          
1476   1         0          OK          
1477   1         0          OK          
1478   1         0          OK          
1479   1         0          OK          
1480   1         0          OK          
1481   1         0          OK          
1482   1         0          OK          
1483   1         0          OK          
1484   1         0          OK          
1485   1         0          OK          
1486   1         0          OK          
1487   1         0          OK          
1488   1         0          OK          
1489   1         0          OK          
1490   1         0          OK          
1491   1         0          OK          
1492   1         0          OK          
1493   1         0          OK          
1494   1         0          OK          
1495   1         0          OK          
1496   1         0          OK          
1497   1         0          OK          
1498   1         0          OK          
1499   1         0          OK          
1500   1         0          OK          
1501   1         0          OK          
1502   1         0          OK          
1503   1         0          OK          
1504   1         2          OK          
1505   1         2          OK          
1506   1         0          OK          
1507   1         0          OK          
1508   1         0          OK          
1509   1         0          OK          
1510   1         0          OK          
1511   1         0          OK          
1512   1         0          OK          
1513   1         0          OK          
1514   1         0          OK          
1515   1         0          OK          
1516   1         0          OK          
1517   1         0          OK          
1518   1         0          OK          
1519   1         0          OK          
1520   1         0          OK          
1521   1         0          OK          
1522   1         0          OK          
1523   1         0          OK          
1524   1         0          OK          
1525   1         0          OK          
1526   1         0          OK          
1527   1         0          OK          
1528   1         0          OK          
1529   1         0          OK          
1530   1         0          OK          
1531   1         0          OK          
1532   1         0          OK          
1533   1         0          OK          
1534   1         0          OK          
1535   1         0          OK          
1536   1         0          OK          
1537   1         1          OK          
1538   1         0          OK          
1539   1         0          OK          
1540   1         0          OK          
1541   1         0          OK          
1542   1         0          OK          
1543   1         0          OK          
1544   1         1          OK          
1545   1         1          OK          
1546   1         0          OK          
1547   1         0          OK          
1548   1         0          OK          
1549   1         0          OK          
1550   1         0          OK          
1551   1         0          OK          
1552   1         0          OK          
1553   1         0          OK          
1554   1         0          OK          
1555   1         0          OK          
1556   1         1          OK          
1557   1         1          OK          
1558   1         0          OK          
1559   1         0          OK          
1560   1         1          OK          
1561   1         1          OK          
1562   1         0          OK          
1563   1         0          OK          
1564   1         0          OK          
1565   1         0          OK          
1566   1         0          OK          
1567   1         0          OK          
1568   1         0          OK          
1569   1         0          OK          
1570   1         0          OK          
1571   1         0          OK          
1572   1         0          OK          
1573   1         0          OK          
1574   1         1          OK          
1575   1         0          OK          
1576   1         1          OK          
1577   1         1          OK          
1578   1         0          OK          
1579   1         0          OK          
1580   1         0          OK          
1581   1         0          OK          
1582   1         0          OK          
1583   1         0          OK          
1584   1         0          OK          
1585   1         0          OK          
1586   1         0          OK          
1587   1         0          OK          
1588   1         0          OK          
1589   1         0          OK          
1590   1         1          OK          
1591   1         1          OK          
1592   1         0          OK          
1593   1         0          OK          
1594   1         0          OK          
1595   1         0          OK          
1596   1         0          OK          
1597   1         0          OK          
1598   1         0          OK          
1599   1         0          OK          
1600   1         1          OK          
1601   1         1          OK          
1602   1         0          OK          
1603   1         0          OK          
1604   1         0          OK          
1605   1         0          OK          
1606   1         0          OK          
1607   1         0          OK          
1608   1         0          OK          
1609   1         0          OK          
1610   1         0          OK          
1611   1         0          OK          
1612   1         0          OK          
1613   1         0          OK          
1614   1         0          OK          
1615   1         0          OK          
1616   1         0          OK          
1617   1         0          OK          
1618   1         0          OK          
1619   1         0          OK          
1620   1         0          OK          
1621   1         0          OK          
1622   1         1          OK          
1623   1         1          OK          
1624   1         0          OK          
1625   1         0          OK          
1626   1         0          OK          
1627   1         0          OK          
1628   1         0          OK          
1629   1         0          OK          
1630   1         0          OK          
1631   1         0          OK          
1632   1         0          OK          
1633   1         0          OK          
1634   1         0          OK          
1635   1         0          OK          
1636   1         0          OK          
1637   1         0          OK          
1638   1         0          OK          
1639   1         0          OK          
1640   1         0          OK          
1641   1         0          OK          
1642   1         0          OK          
1643   1         0          OK          
1644   1         0          OK          
1645   1         0          OK          
1646   1         0          OK          
1647   1         0          OK          
1648   1         0          OK          
1649   1         0          OK          
1650   1         0          OK          
1651   1         0          OK          
1652   1         0          OK          
1653   1         0          OK          
1654   1         0          OK          
1655   1         0          OK          
1656   1         0          OK          
1657   1         0          OK          
1658   1         1          OK          
1659   1         1          OK          
1660   1         0          OK          
1661   1         0          OK          
1662   1         0          OK          
1663   1         0          OK          
1664   1         0          OK          
1665   1         0          OK          
1666   1         1          OK          
1667   1         1          OK          
1668   1         0          OK          
1669   1         0          OK          
1670   1         0          OK          
1671   1         0          OK          
1672   1         0          OK          
1673   1         0          OK          
1674   1         0          OK          
1675   1         0          OK          
1676   1         0          OK          
1677   1         0          OK          
1678   1         0          OK          
1679   1         0          OK          
1680   1         0          OK          
1681   1         0          OK          
1682   1         0          OK          
1683   1         0          OK          
1684   1         0          OK          
1685   1         0          OK          
1686   1         0          OK          
1687   1         0          OK          
1688   1         0          OK          
1689   1         0          OK          
1690   1         0          OK          
1691   1         0          OK          
1692   1         0          OK          
1693   1         0          OK          
1694   1         0          OK          
1695   1         0          OK          
1696   1         0          OK          
1697   1         0          OK          
1698   1         0          OK          
1699   1         0          OK          
1700   1         0          OK          
1701   1         0          OK          
1702   1         0          OK          
1703   1         0          OK          
1704   1         0          OK          
1705   1         0          OK          
1706   1         0          OK          
1707   1         0          OK          
1708   1         0          OK          
1709   1         0          OK          
1710   1         0          OK          
1711   1         0          OK          
1712   1         0          OK          
1713   1         0          OK          
1714   1         0          OK          
1715   1         0          OK          
1716   1         1          OK          
1717   1         1          OK          
1718   1         0          OK          
1719   1         0          OK          
1720   1         0          OK          
1721   1         0          OK          
1722   1         0          OK          
1723   1         0          OK          
1724   1         0          OK          
1725   1         0          OK          
1726   1         0          OK          
1727   1         0          OK          
1728   1         1          OK          
1729   1         1          OK          
1730   1         0          OK          
1731   1         0          OK          
1732   1         0          OK          
1733   1         0          OK          
1734   1         0          OK          
1735   1         0          OK          
1736   1         0          OK          
1737   1         0          OK          
1738   1         0          OK          
1739   1         0          OK          
1740   1         0          OK          
1741   1         0          OK          
1742   1         0          OK          
1743   1         0          OK          
1744   1         1          OK          
1745   1         1          OK          
1746   1         0          OK          
1747   1         0          OK          
1748   1         0          OK          
1749   1         0          OK          
1750   1         0          OK          
1751   1         0          OK          
1752   1         0          OK          
1753   1         0          OK          
1754   1         0          OK          
1755   1         0          OK          
1756   1         0          OK          
1757   1         0          OK          
1758   1         0          OK          
1759   1         0          OK          
1760   1         0          OK          
1761   1         0          OK          
1762   1         0          OK          
1763   1         0          OK          
1764   1         0          OK          
1765   1         0          OK          
1766   1         0          OK          
1767   1         0          OK          
1768   1         0          OK          
1769   1         0          OK          
1770   1         0          OK          
1771   1         0          OK          
1772   1         0          OK          
1773   1         2          OK          
1774   1         0          OK          
1775   1         0          OK          
1776   1         0          OK          
1777   1         1          OK          
1778   1         0          OK          
1779   1         0          OK          
1780   1         1          OK          
1781   1         1          OK          
1782   1         0          OK          
1783   1         0          OK          
1784   1         0          OK          
1785   1         0          OK          
1786   1         0          OK          
1787   1         0          OK          
1788   1         0          OK          
1789   1         0          OK          
1790   1         0          OK          
1791   1         0          OK          
1792   1         0          OK          
1793   1         0          OK          
1794   1         0          OK          
1795   1         0          OK          
1796   1         0          OK          
1797   1         0          OK          
1798   1         0          OK          
1799   1         0          OK          
1800   1         0          OK          
1801   1         0          OK          
1802   1         0          OK          
1803   1         0          OK          
1804   1         0          OK          
1805   1         0          OK          
1806   1         0          OK          
1807   1         0          OK          
1808   1         0          OK          
1809   1         0          OK          
1810   1         0          OK          
1811   1         0          OK          
1812   1         0          OK          
1813   1         0          OK          
1814   1         0          OK          
1815   1         0          OK          
1816   1         1          OK          
1817   1         1          OK          
1818   1         0          OK          
1819   1         0          OK          
1820   1         0          OK          
1821   1         0          OK          
1822   1         0          OK          
1823   1         0          OK          
1824   1         0          OK          
1825   1         0          OK          
1826   1         0          OK          
1827   1         0          OK          
1828   1         1          OK          
1829   1         1          OK          
1830   1         0          OK          
1831   1         0          OK          
1832   1         0          OK          
1833   1         0          OK          
1834   1         0          OK          
1835   1         0          OK          
1836   1         0          OK          
1837   1         0          OK          
1838   1         0          OK          
1839   1         0          OK          
1840   1         0          OK          
1841   1         0          OK          
1842   1         0          OK          
1843   1         0          OK          
1844   1         0          OK          
1845   1         0          OK          
1846   1         0          OK          
1847   1         0          OK          
1848   1         0          OK          
1849   1         0          OK          
1850   1         0          OK          
1851   1         0          OK          
1852   1         0          OK          
1853   1         0          OK          
1854   1         0          OK          
1855   1         0          OK          
1856   1         0          OK          
1857   1         0          OK          
1858   1         0          OK          
1859   1         0          OK          
1860   1         0          OK          
1861   1         0          OK          
1862   1         0          OK          
1863   1         0          OK          
1864   1         0          OK          
1865   1         0          OK          
1866   1         0          OK          
1867   1         0          OK          
1868   1         0          OK          
1869   1         0          OK          
1870   1         0          OK          
1871   1         0          OK          
1872   1         0          OK          
1873   1         0          OK          
1874   1         0          OK          
1875   1         0          OK          
1876   1         0          OK          
1877   1         0          OK          
1878   1         0          OK          
1879   1         0          OK          
1880   1         0          OK          
1881   1         0          OK          
1882   1         0          OK          
1883   1         0          OK          
1884   1         0          OK          
1885   1         0          OK          
1886   1         0          OK          
1887   1         0          OK          
1888   1         0          OK          
1889   1         0          OK          
1890   1         0          OK          
1891   1         0          OK          
1892   1         0          OK          
1893   1         0          OK          
1894   1         0          OK          
1895   1         0          OK          
1896   1         0          OK          
1897   1         0          OK          
1898   1         1          OK          
1899   1         1          OK          
1900   1         0          OK          
1901   1         0          OK          
1902   1         0          OK          
1903   1         0          OK          
1904   1         0          OK          
1905   1         0          OK          
1906   1         0          OK          
1907   1         0          OK          
1908   1         0          OK          
1909   1         0          OK          
1910   1         0          OK          
1911   1         0          OK          
1912   1         0          OK          
1913   1         0          OK          
1914   1         0          OK          
1915   1         0          OK          
1916   1         0          OK          
1917   1         0          OK          
1918   1         0          OK          
1919   1         0          OK          
1920   1         0          OK          
1921   1         0          OK          
1922   1         0          OK          
1923   1         0          OK          
1924   1         0          OK          
1925   1         0          OK          
1926   1         0          OK          
1927   1         0          OK          
1928   1         0          OK          
1929   1         0          OK          
1930   1         0          OK          
1931   1         0          OK          
1932   1         0          OK          
1933   1         0          OK          
1934   1         0          OK          
1935   1         0          OK          
1936   1         0          OK          
1937   1         0          OK          
1938   1         0          OK          
1939   1         0          OK          
1940   1         0          OK          
1941   1         0          OK          
1942   1         0          OK          
1943   1         0          OK          
1944   1         0          OK          
1945   1         0          OK          
1946   1         0          OK          
1947   1         0          OK          
1948   1         0          OK          
1949   1         0          OK          
1950   1         0          OK          
1951   1         0          OK          
1952   1         0          OK          
1953   1         0          OK          
1954   1         0          OK          
1955   1         0          OK          
1956   1         0          OK          
1957   1         0          OK          
1958   1         0          OK          
1959   1         0          OK          
1960   1         0          OK          
1961   1         0          OK          
1962   1         0          OK          
1963   1         1          OK          
1964   1         2          OK          
1965   1         1          OK          
1966   1         0          OK          
1967   1         0          OK          
1968   1         0          OK          
1969   1         0          OK          
1970   1         0          OK          
1971   1         0          OK          
1972   1         1          OK          
1973   1         0          OK          
1974   1         1          OK          
1975   1         1          OK          
1976   1         0          OK          
1977   1         0          OK          
1978   1         1          OK          
1979   1         1          OK          
1980   1         0          OK          
1981   1         0          OK          
1982   1         0          OK          
1983   1         0          OK          
1984   1         0          OK          
1985   1         0          OK          
1986   1         0          OK          
1987   1         0          OK          
1988   1         0          OK          
1989   1         0          OK          
1990   1         1          OK          
1991   1         1          OK          
1992   1         0          OK          
1993   1         0          OK          
1994   1         0          OK          
1995   1         0          OK          
1996   1         0          OK          
1997   1         0          OK          
1998   1         0          OK          
1999   1         0          OK          
2000   1         0          OK          
2001   1         0          OK          
2002   1         0          OK          
2003   1         0          OK          
2004   1         0          OK          
2005   1         0          OK          
2006   1         0          OK          
2007   1         0          OK          
2008   1         0          OK          
2009   1         0          OK          
2010   1         0          OK          
2011   1         0          OK          
2012   1         0          OK          
2013   1         0          OK          
2014   1         0          OK          
2015   1         0          OK          
2016   1         0          OK          
2017   1         0          OK          
2018   1         0          OK          
2019   1         0          OK          
2020   1         0          OK          
2021   1         0          OK          
2022   1         0          OK          
2023   1         0          OK          
2024   1         0          OK          
2025   1         0          OK          
2026   1         0          OK          
2027   1         0          OK          
2028   1         0          OK          
2029   1         0          OK          
2030   1         0          OK          
2031   1         0          OK          
2032   1         0          OK          
2033   1         0          OK          
2034   1         0          OK          
2035   1         0          OK          
2036   1         1          OK          
2037   1         1          OK          
2038   1         0          OK          
2039   1         0          OK          
2040   1         0          OK          
2041   1         0          OK          
2042   1         0          OK          
2043   1         0          OK          
2044   1         0          OK          
2045   1         0          OK          
2046   1         0          OK          
2047   1         0          OK          
2048   1         0          OK          
2049   1         0          OK          
2050   1         0          OK          
2051   1         0          OK          
2052   1         0          OK          
2053   1         0          OK          
2054   1         0          OK          
2055   1         0          OK          
2056   1         1          OK          
2057   1         0          OK          
2058   1         0          OK          
2059   1         0          OK          
2060   1         0          OK          
2061   1         0          OK          
2062   1         0          OK          
2063   1         0          OK          
2064   1         0          OK          
2065   1         0          OK          
2066   1         0          OK          
2067   1         0          OK          
2068   1         0          OK          
2069   1         0          OK          
2070   1         0          OK          
2071   1         0          OK          
2072   1         0          OK          
2073   1         0          OK          
2074   1         0          OK          
2075   1         0          OK          
2076   1         0          OK          
2077   1         0          OK          
2078   1         0          OK          
2079   1         0          OK          
2080   1         0          OK          
2081   1         0          OK          
2082   1         0          OK          
2083   1         0          OK          
2084   1         1          OK          
2085   1         1          OK          
2086   1         0          OK          
2087   1         0          OK          
2088   1         0          OK          
2089   1         0          OK          
2090   1         0          OK          
2091   1         0          OK          
2092   1         0          OK          
2093   1         1          OK          
2094   1         0          OK          
2095   1         0          OK          
2096   1         0          OK          
2097   1         0          OK          
2098   1         0          OK          
2099   1         2          OK          
2100   1         0          OK          
2101   1         1          OK          
2102   1         0          OK          
2103   1         0          OK          
2104   1         0          OK          
2105   1         0          OK          
2106   1         0          OK          
2107   1         0          OK          
2108   1         0          OK          
2109   1         0          OK          
2110   1         0          OK          
2111   1         0          OK          
2112   1         0          OK          
2113   1         0          OK          
2114   1         0          OK          
2115   1         0          OK          
2116   1         1          OK          
2117   1         1          OK          
2118   1         0          OK          
2119   1         0          OK          
2120   1         0          OK          
2121   1         0          OK          
2122   1         0          OK          
2123   1         0          OK          
2124   1         0          OK          
2125   1         0          OK          
2126   1         0          OK          
2127   1         1          OK          
2128   1         0          OK          
2129   1         0          OK          
2130   1         0          OK          
2131   1         0          OK          
2132   1         0          OK          
2133   1         0          OK          
2134   1         0          OK          
2135   1         0          OK          
2136   1         0          OK          
2137   1         0          OK          
2138   1         0          OK          
2139   1         0          OK          
2140   1         0          OK          
2141   1         0          OK          
2142   1         0          OK          
2143   1         0          OK          
2144   1         0          OK          
2145   1         0          OK          
2146   1         0          OK          
2147   1         0          OK          
2148   1         0          OK          
2149   1         0          OK          
2150   1         0          OK          
2151   1         0          OK          
2152   1         0          OK          
2153   1         0          OK          
2154   1         0          OK          
2155   1         0          OK          
2156   1         0          OK          
2157   1         0          OK          
2158   1         0          OK          
2159   1         0          OK          
2160   1         0          OK          
2161   1         0          OK          
2162   1         0          OK          
2163   1         0          OK          
2164   1         0          OK          
2165   1         0          OK          
2166   1         0          OK          
2167   1         0          OK          
2168   1         0          OK          
2169   1         0          OK          
2170   1         0          OK          
2171   1         1          OK          
2172   1         0          OK          
2173   1         0          OK          
2174   1         0          OK          
2175   1         0          OK          
2176   1         1          OK          
2177   1         1          OK          
2178   1         0          OK          
2179   1         0          OK          
2180   1         0          OK          
2181   1         0          OK          
2182   1         0          OK          
2183   1         0          OK          
2184   1         0          OK          
2185   1         0          OK          
2186   1         0          OK          
2187   1         0          OK          
2188   1         0          OK          
2189   1         0          OK          
2190   1         0          OK          
2191   1         0          OK          
2192   1         0          OK          
2193   1         0          OK          
2194   1         0          OK          
2195   1         0          OK          
2196   1         0          OK          
2197   1         0          OK          
2198   1         0          OK          
2199   1         0          OK          
2200   1         0          OK          
2201   1         0          OK          
2202   1         0          OK          
2203   1         0          OK          
2204   1         0          OK          
2205   1         0          OK          
2206   1         0          OK          
2207   1         0          OK          
2208   1         0          OK          
2209   1         0          OK          
2210   1         0          OK          
2211   1         0          OK          
2212   1         0          OK          
2213   1         0          OK          
2214   1         0          OK          
2215   1         0          OK          
2216   1         0          OK          
2217   1         0          OK          
2218   1         0          OK          
2219   1         0          OK          
2220   1         0          OK          
2221   1         0          OK          
2222   1         0          OK          
2223   1         0          OK          
2224   1         0          OK          
2225   1         0          OK          
2226   1         0          OK          
2227   1         0          OK          
2228   1         0          OK          
2229   1         0          OK          
2230   1         0          OK          
2231   1         0          OK          
2232   1         0          OK          
2233   1         0          OK          
2234   1         0          OK          
2235   1         0          OK          
2236   1         0          OK          
2237   1         0          OK          
2238   1         1          OK          
2239   1         1          OK          
2240   1         0          OK          
2241   1         0          OK          
2242   1         0          OK          
2243   1         0          OK          
2244   1         0          OK          
2245   1         0          OK          
2246   1         0          OK          
2247   1         0          OK          
2248   1         0          OK          
2249   1         0          OK          
2250   1         0          OK          
2251   1         0          OK          
2252   1         1          OK          
2253   1         1          OK          
2254   1         0          OK          
2255   1         0          OK          
2256   1         0          OK          
2257   1         0          OK          
2258   1         0          OK          
2259   1         0          OK          
2260   1         0          OK          
2261   1         0          OK          
2262   1         0          OK          
2263   1         0          OK          
2264   1         2          OK          
2265   1         2          OK          
2266   1         0          OK          
2267   1         0          OK          
2268   1         0          OK          
2269   1         0          OK          
2270   1         0          OK          
2271   1         0          OK          
2272   1         0          OK          
2273   1         0          OK          
2274   1         0          OK          
2275   1         0          OK          
2276   1         0          OK          
2277   1         0          OK          
2278   1         0          OK          
2279   1         0          OK          
2280   1         0          OK          
2281   1         0          OK          
2282   1         0          OK          
2283   1         0          OK          
2284   1         0          OK          
2285   1         0          OK          
2286   1         0          OK          
2287   1         0          OK          
2288   1         1          OK          
2289   1         1          OK          
2290   1         0          OK          
2291   1         0          OK          
2292   1         0          OK          
2293   1         0          OK          
2294   1         0          OK          
2295   1         0          OK          
2296   1         1          OK          
2297   1         1          OK          
2298   1         0          OK          
2299   1         0          OK          
2300   1         1          OK          
2301   1         1          OK          
2302   1         0          OK          
2303   1         0          OK          
2304   1         0          OK          
2305   1         0          OK          
2306   1         0          OK          
2307   1         0          OK          
2308   1         0          OK          
2309   1         0          OK          
2310   1         0          OK          
2311   1         0          OK          
2312   1         1          OK          
2313   1         0          OK          
2314   1         0          OK          
2315   1         0          OK          
2316   1         1          OK          
2317   1         1          OK          
2318   1         0          OK          
2319   1         0          OK          
2320   1         0          OK          
2321   1         0          OK          
2322   1         0          OK          
2323   1         0          OK          
2324   1         0          OK          
2325   1         0          OK          
2326   1         0          OK          
2327   1         0          OK          
2328   1         0          OK          
2329   1         0          OK          
2330   1         0          OK          
2331   1         0          OK          
2332   1         0          OK          
2333   1         0          OK          
2334   1         0          OK          
2335   1         0          OK          
2336   1         0          OK          
2337   1         0          OK          
2338   1         0          OK          
2339   1         0          OK          
2340   1         0          OK          
2341   1         0          OK          
2342   1         0          OK          
2343   1         0          OK          
2344   1         0          OK          
2345   1         0          OK          
2346   1         0          OK          
2347   1         0          OK          
2348   1         0          OK          
2349   1         0          OK          
2350   1         0          OK          
2351   1         0          OK          
2352   1         0          OK          
2353   1         0          OK          
2354   1         0          OK          
2355   1         0          OK          
2356   1         1          OK          
2357   1         1          OK          
2358   1         0          OK          
2359   1         0          OK          
2360   1         2          OK          
2361   1         2          OK          
2362   1         0          OK          
2363   1         0          OK          
2364   1         0          OK          
2365   1         0          OK          
2366   1         0          OK          
2367   1         0          OK          
2368   1         0          OK          
2369   1         0          OK          
2370   1         0          OK          
2371   1         0          OK          
2372   1         0          OK          
2373   1         0          OK          
2374   1         0          OK          
2375   1         0          OK          
2376   1         0          OK          
2377   1         0          OK          
2378   1         0          OK          
2379   1         0          OK          
2380   1         0          OK          
2381   1         0          OK          
2382   1         0          OK          
2383   1         0          OK          
2384   1         0          OK          
2385   1         0          OK          
2386   1         0          OK          
2387   1         0          OK          
2388   1         0          OK          
2389   1         0          OK          
2390   1         0          OK          
2391   1         0          OK          
2392   1         0          OK          
2393   1         0          OK          
2394   1         0          OK          
2395   1         0          OK          
2396   1         0          OK          
2397   1         0          OK          
2398   1         0          OK          
2399   1         0          OK          
2400   1         0          OK          
2401   1         0          OK          
2402   1         0          OK          
2403   1         0          OK          
2404   1         0          OK          
2405   1         0          OK          
2406   1         0          OK          
2407   1         0          OK          
2408   1         1          OK          
2409   1         1          OK          
2410   1         1          OK          
2411   1         2          OK          
2412   1         0          OK          
2413   1         0          OK          
2414   1         0          OK          
2415   1         0          OK          
2416   1         0          OK          
2417   1         0          OK          
2418   1         0          OK          
2419   1         0          OK          
2420   1         0          OK          
2421   1         0          OK          
2422   1         0          OK          
2423   1         0          OK          
2424   1         0          OK          
2425   1         0          OK          
2426   1         0          OK          
2427   1         0          OK          
2428   1         0          OK          
2429   1         0          OK          
2430   1         0          OK          
2431   1         0          OK          
2432   1         0          OK          
2433   1         0          OK          
2434   1         1          OK          
2435   1         1          OK          
2436   1         0          OK          
2437   1         0          OK          
2438   1         0          OK          
2439   1         0          OK          
