         --- PACKET LOG ---
CHANNEL: DatagramSocket1
INTERLEAVER DEPTH: 2
TIMESTAMP: 10-03-2026_23-26-07
-----------------------------------------
SEQ NO RECEIVED  DELAY(ms)  STATUS      
0      1         1          OK          
1      1         0          OK          
2      1         0          OK          
3      1         2          OK          
4      1         2          OK          
5      1         3          OK          
6      1         0          OK          
7      1         0          OK          
8      1         1          OK          
9      1         5          OK          
10     1         0          OK          
11     1         0          OK          
12     1         1          OK          
13     1         1          OK          
14     1         0          OK          
15     1         1          OK          
16     1         0          OK          
17     1         1          OK          
18     1         0          OK          
19     1         0          OK          
20     1         0          OK          
21     1         0          OK          
22     1         1          OK          
23     1         0          OK          
24     1         0          OK          
25     1         0          OK          
26     1         0          OK          
27     1         0          OK          
28     1         0          OK          
29     1         1          OK          
30     1         0          OK          
31     1         0          OK          
32     1         1          OK          
33     1         1          OK          
34     1         0          OK          
35     1         0          OK          
36     1         0          OK          
37     1         0          OK          
38     1         0          OK          
39     1         0          OK          
40     1         0          OK          
41     1         1          OK          
42     1         0          OK          
43     1         0          OK          
44     1         1          OK          
45     1         1          OK          
46     1         0          OK          
47     1         0          OK          
48     1         0          OK          
49     1         1          OK          
50     1         0          OK          
51     1         0          OK          
52     1         0          OK          
53     1         1          OK          
54     1         0          OK          
55     1         0          OK          
56     1         1          OK          
57     1         0          OK          
58     1         0          OK          
59     1         0          OK          
60     1         0          OK          
61     1         0          OK          
62     1         0          OK          
63     1         0          OK          
64     1         0          OK          
65     1         1          OK          
66     1         0          OK          
67     1         0          OK          
68     1         0          OK          
69     1         0          OK          
70     1         0          OK          
71     1         0          OK          
72     1         0          OK          
73     1         0          OK          
74     1         1          OK          
75     1         0          OK          
76     1         1          OK          
77     1         1          OK          
78     1         0          OK          
79     1         1          OK          
80     1         0          OK          
81     1         0          OK          
82     1         0          OK          
83     1         0          OK          
84     1         0          OK          
85     1         1          OK          
86     1         1          OK          
87     1         2          OK          
88     1         0          OK          
89     1         1          OK          
90     1         1          OK          
91     1         1          OK          
92     1         0          OK          
93     1         0          OK          
94     1         0          OK          
95     1         0          OK          
96     1         0          OK          
97     1         0          OK          
98     1         1          OK          
99     1         1          OK          
100    1         0          OK          
101    1         0          OK          
102    1         0          OK          
103    1         1          OK          
104    1         0          OK          
105    1         0          OK          
106    1         0          OK          
107    1         0          OK          
108    1         1          OK          
109    1         0          OK          
110    1         0          OK          
111    1         0          OK          
112    1         0          OK          
113    1         0          OK          
114    1         0          OK          
115    1         0          OK          
116    1         0          OK          
117    1         0          OK          
118    1         1          OK          
119    1         0          OK          
120    1         0          OK          
121    1         1          OK          
122    1         0          OK          
123    1         0          OK          
124    1         0          OK          
125    1         0          OK          
126    1         0          OK          
127    1         0          OK          
128    1         0          OK          
129    1         0          OK          
130    1         1          OK          
131    1         0          OK          
132    1         0          OK          
133    1         0          OK          
134    1         0          OK          
135    1         1          OK          
136    1         0          OK          
137    1         0          OK          
138    1         0          OK          
139    1         0          OK          
140    1         0          OK          
141    1         0          OK          
142    1         0          OK          
143    1         0          OK          
144    1         0          OK          
145    1         0          OK          
146    1         0          OK          
147    1         1          OK          
148    1         0          OK          
149    1         0          OK          
150    1         0          OK          
151    1         0          OK          
152    1         0          OK          
153    1         0          OK          
154    1         0          OK          
155    1         0          OK          
156    1         0          OK          
157    1         0          OK          
158    1         0          OK          
159    1         0          OK          
160    1         0          OK          
161    1         0          OK          
162    1         0          OK          
163    1         0          OK          
164    1         0          OK          
165    1         0          OK          
166    1         1          OK          
167    1         0          OK          
168    1         0          OK          
169    1         0          OK          
170    1         0          OK          
171    1         0          OK          
172    1         0          OK          
173    1         0          OK          
174    1         0          OK          
175    1         0          OK          
176    1         0          OK          
177    1         0          OK          
178    1         1          OK          
179    1         0          OK          
180    1         0          OK          
181    1         0          OK          
182    1         2          OK          
183    1         0          OK          
184    1         0          OK          
185    1         0          OK          
186    1         1          OK          
187    1         0          OK          
188    1         0          OK          
189    1         0          OK          
190    1         0          OK          
191    1         0          OK          
192    1         0          OK          
193    1         0          OK          
194    1         1          OK          
195    1         1          OK          
196    1         0          OK          
197    1         0          OK          
198    1         0          OK          
199    1         1          OK          
200    1         0          OK          
201    1         0          OK          
202    1         1          OK          
203    1         0          OK          
204    1         0          OK          
205    1         0          OK          
206    1         0          OK          
207    1         0          OK          
208    1         0          OK          
209    1         0          OK          
210    1         0          OK          
211    1         0          OK          
212    1         0          OK          
213    1         0          OK          
214    1         0          OK          
215    1         0          OK          
216    1         0          OK          
217    1         0          OK          
218    1         0          OK          
219    1         0          OK          
220    1         0          OK          
221    1         0          OK          
222    1         1          OK          
223    1         1          OK          
224    1         0          OK          
225    1         0          OK          
226    1         0          OK          
227    1         0          OK          
228    1         0          OK          
229    1         0          OK          
230    1         0          OK          
231    1         0          OK          
232    1         0          OK          
233    1         0          OK          
234    1         1          OK          
235    1         1          OK          
236    1         1          OK          
237    1         0          OK          
238    1         0          OK          
239    1         1          OK          
240    1         0          OK          
241    1         0          OK          
242    1         0          OK          
243    1         0          OK          
244    1         0          OK          
245    1         1          OK          
246    1         2          OK          
247    1         2          OK          
248    1         0          OK          
249    1         1          OK          
250    1         0          OK          
251    1         0          OK          
252    1         0          OK          
253    1         1          OK          
254    1         0          OK          
255    1         0          OK          
256    1         0          OK          
257    1         0          OK          
258    1         0          OK          
259    1         1          OK          
260    1         0          OK          
261    1         0          OK          
262    1         0          OK          
263    1         0          OK          
264    1         0          OK          
265    1         0          OK          
266    1         1          OK          
267    1         1          OK          
268    1         0          OK          
269    1         0          OK          
270    1         0          OK          
271    1         0          OK          
272    1         0          OK          
273    1         0          OK          
274    1         0          OK          
275    1         1          OK          
276    1         0          OK          
277    1         0          OK          
278    1         0          OK          
279    1         0          OK          
280    1         0          OK          
281    1         0          OK          
282    1         0          OK          
283    1         0          OK          
284    1         0          OK          
285    1         0          OK          
286    1         0          OK          
287    1         0          OK          
288    1         0          OK          
289    1         0          OK          
290    1         0          OK          
291    1         0          OK          
292    1         0          OK          
293    1         0          OK          
294    1         0          OK          
295    1         0          OK          
296    1         0          OK          
297    1         0          OK          
298    1         0          OK          
299    1         0          OK          
300    1         0          OK          
301    1         1          OK          
302    1         0          OK          
303    1         0          OK          
304    1         1          OK          
305    1         1          OK          
306    1         0          OK          
307    1         0          OK          
308    1         0          OK          
309    1         0          OK          
310    1         0          OK          
311    1         0          OK          
312    1         0          OK          
313    1         0          OK          
314    1         0          OK          
315    1         0          OK          
316    1         0          OK          
317    1         0          OK          
318    1         0          OK          
319    1         0          OK          
320    1         0          OK          
321    1         1          OK          
322    1         0          OK          
323    1         0          OK          
324    1         1          OK          
325    1         0          OK          
326    1         0          OK          
327    1         0          OK          
328    1         0          OK          
329    1         0          OK          
330    1         0          OK          
331    1         0          OK          
332    1         1          OK          
333    1         1          OK          
334    1         0          OK          
335    1         0          OK          
336    1         1          OK          
337    1         1          OK          
338    1         0          OK          
339    1         0          OK          
340    1         0          OK          
341    1         0          OK          
342    1         0          OK          
343    1         0          OK          
344    1         0          OK          
345    1         0          OK          
346    1         0          OK          
347    1         0          OK          
348    1         0          OK          
349    1         0          OK          
350    1         0          OK          
351    1         0          OK          
352    1         0          OK          
353    1         0          OK          
354    1         0          OK          
355    1         0          OK          
356    1         1          OK          
357    1         0          OK          
358    1         0          OK          
359    1         0          OK          
360    1         0          OK          
361    1         1          OK          
362    1         0          OK          
363    1         0          OK          
364    1         0          OK          
365    1         0          OK          
366    1         0          OK          
367    1         0          OK          
368    1         1          OK          
369    1         1          OK          
370    1         0          OK          
371    1         0          OK          
372    1         0          OK          
373    1         1          OK          
374    1         0          OK          
375    1         0          OK          
376    1         0          OK          
377    1         0          OK          
378    1         0          OK          
379    1         0          OK          
380    1         0          OK          
381    1         0          OK          
382    1         0          OK          
383    1         0          OK          
384    1         1          OK          
385    1         1          OK          
386    1         0          OK          
387    1         2          OK          
388    1         2          OK          
389    1         2          OK          
390    1         0          OK          
391    1         0          OK          
392    1         0          OK          
393    1         0          OK          
394    1         0          OK          
395    1         0          OK          
396    1         0          OK          
397    1         0          OK          
398    1         0          OK          
399    1         0          OK          
400    1         0          OK          
401    1         0          OK          
402    1         0          OK          
403    1         0          OK          
404    1         0          OK          
405    1         0          OK          
406    1         0          OK          
407    1         0          OK          
408    1         0          OK          
409    1         0          OK          
410    1         0          OK          
411    1         0          OK          
412    1         0          OK          
413    1         0          OK          
414    1         0          OK          
415    1         0          OK          
416    1         0          OK          
417    1         0          OK          
418    1         0          OK          
419    1         0          OK          
420    1         0          OK          
421    1         0          OK          
422    1         0          OK          
423    1         0          OK          
424    1         0          OK          
425    1         0          OK          
426    1         0          OK          
427    1         0          OK          
428    1         0          OK          
429    1         0          OK          
430    1         0          OK          
431    1         0          OK          
432    1         0          OK          
433    1         0          OK          
434    1         0          OK          
435    1         0          OK          
436    1         0          OK          
437    1         0          OK          
438    1         1          OK          
439    1         0          OK          
440    1         0          OK          
441    1         1          OK          
442    1         0          OK          
443    1         0          OK          
444    1         0          OK          
445    1         0          OK          
446    1         0          OK          
447    1         0          OK          
448    1         0          OK          
449    1         0          OK          
450    1         0          OK          
451    1         0          OK          
452    1         0          OK          
453    1         0          OK          
454    1         0          OK          
455    1         0          OK          
456    1         0          OK          
457    1         0          OK          
458    1         0          OK          
459    1         0          OK          
460    1         0          OK          
461    1         0          OK          
462    1         0          OK          
463    1         0          OK          
464    1         0          OK          
465    1         0          OK          
466    1         0          OK          
467    1         0          OK          
468    1         0          OK          
469    1         0          OK          
470    1         0          OK          
471    1         0          OK          
472    1         0          OK          
473    1         0          OK          
474    1         0          OK          
475    1         0          OK          
476    1         0          OK          
477    1         0          OK          
478    1         0          OK          
479    1         0          OK          
480    1         0          OK          
481    1         0          OK          
482    1         0          OK          
483    1         0          OK          
484    1         0          OK          
485    1         0          OK          
486    1         0          OK          
487    1         0          OK          
488    1         0          OK          
489    1         0          OK          
490    1         0          OK          
491    1         0          OK          
492    1         0          OK          
493    1         0          OK          
494    1         0          OK          
495    1         0          OK          
496    1         0          OK          
497    1         0          OK          
498    1         0          OK          
499    1         0          OK          
500    1         0          OK          
501    1         0          OK          
502    1         0          OK          
503    1         0          OK          
504    1         0          OK          
505    1         0          OK          
506    1         0          OK          
507    1         0          OK          
508    1         0          OK          
509    1         0          OK          
510    1         0          OK          
511    1         0          OK          
512    1         0          OK          
513    1         0          OK          
514    1         0          OK          
515    1         0          OK          
516    1         0          OK          
517    1         0          OK          
518    1         0          OK          
519    1         0          OK          
520    1         0          OK          
521    1         0          OK          
522    1         0          OK          
523    1         0          OK          
524    1         0          OK          
525    1         0          OK          
526    1         1          OK          
527    1         1          OK          
528    1         0          OK          
529    1         0          OK          
530    1         1          OK          
531    1         1          OK          
532    1         0          OK          
533    1         0          OK          
534    1         0          OK          
535    1         1          OK          
536    1         0          OK          
537    1         0          OK          
538    1         0          OK          
539    1         0          OK          
540    1         0          OK          
541    1         0          OK          
542    1         0          OK          
543    1         0          OK          
544    1         0          OK          
545    1         0          OK          
546    1         0          OK          
547    1         0          OK          
548    1         0          OK          
549    1         0          OK          
550    1         0          OK          
551    1         0          OK          
552    1         0          OK          
553    1         0          OK          
554    1         0          OK          
555    1         0          OK          
556    1         1          OK          
557    1         0          OK          
558    1         0          OK          
559    1         1          OK          
560    1         0          OK          
561    1         0          OK          
562    1         0          OK          
563    1         0          OK          
564    1         0          OK          
565    1         0          OK          
566    1         0          OK          
567    1         0          OK          
568    1         0          OK          
569    1         0          OK          
570    1         0          OK          
571    1         0          OK          
572    1         0          OK          
573    1         0          OK          
574    1         0          OK          
575    1         0          OK          
576    1         0          OK          
577    1         0          OK          
578    1         0          OK          
579    1         0          OK          
580    1         0          OK          
581    1         0          OK          
582    1         0          OK          
583    1         1          OK          
584    1         0          OK          
585    1         0          OK          
586    1         0          OK          
587    1         0          OK          
588    1         0          OK          
589    1         0          OK          
590    1         0          OK          
591    1         0          OK          
592    1         0          OK          
593    1         0          OK          
594    1         0          OK          
595    1         0          OK          
596    1         0          OK          
597    1         0          OK          
598    1         0          OK          
599    1         0          OK          
600    1         0          OK          
601    1         0          OK          
602    1         0          OK          
603    1         0          OK          
604    1         0          OK          
605    1         0          OK          
606    1         0          OK          
607    1         0          OK          
608    1         0          OK          
609    1         0          OK          
610    1         0          OK          
611    1         0          OK          
612    1         0          OK          
613    1         0          OK          
614    1         0          OK          
615    1         1          OK          
616    1         0          OK          
617    1         0          OK          
618    1         0          OK          
619    1         0          OK          
620    1         0          OK          
621    1         0          OK          
622    1         0          OK          
623    1         0          OK          
624    1         1          OK          
625    1         1          OK          
626    1         0          OK          
627    1         0          OK          
628    1         0          OK          
629    1         0          OK          
630    1         0          OK          
631    1         0          OK          
632    1         0          OK          
633    1         0          OK          
634    1         0          OK          
635    1         0          OK          
636    1         0          OK          
637    1         0          OK          
638    1         0          OK          
639    1         0          OK          
640    1         0          OK          
641    1         0          OK          
642    1         0          OK          
643    1         0          OK          
644    1         0          OK          
645    1         0          OK          
646    1         0          OK          
647    1         0          OK          
648    1         0          OK          
649    1         0          OK          
650    1         0          OK          
651    1         0          OK          
652    1         0          OK          
653    1         0          OK          
654    1         0          OK          
655    1         0          OK          
656    1         0          OK          
657    1         0          OK          
658    1         0          OK          
659    1         0          OK          
660    1         0          OK          
661    1         0          OK          
662    1         0          OK          
663    1         0          OK          
664    1         0          OK          
665    1         0          OK          
666    1         0          OK          
667    1         0          OK          
668    1         0          OK          
669    1         1          OK          
670    1         0          OK          
671    1         0          OK          
672    1         1          OK          
673    1         1          OK          
674    1         0          OK          
675    1         0          OK          
676    1         0          OK          
677    1         0          OK          
678    1         0          OK          
679    1         0          OK          
680    1         0          OK          
681    1         0          OK          
682    1         0          OK          
683    1         0          OK          
684    1         0          OK          
685    1         0          OK          
686    1         0          OK          
687    1         0          OK          
688    1         0          OK          
689    1         0          OK          
690    1         0          OK          
691    1         0          OK          
692    1         0          OK          
693    1         0          OK          
694    1         0          OK          
695    1         0          OK          
696    1         1          OK          
697    1         1          OK          
698    1         0          OK          
699    1         0          OK          
700    1         0          OK          
701    1         0          OK          
702    1         0          OK          
703    1         0          OK          
704    1         0          OK          
705    1         0          OK          
706    1         0          OK          
707    1         0          OK          
708    1         0          OK          
709    1         0          OK          
710    1         1          OK          
711    1         1          OK          
712    1         0          OK          
713    1         0          OK          
714    1         0          OK          
715    1         0          OK          
716    1         0          OK          
717    1         0          OK          
718    1         0          OK          
719    1         0          OK          
720    1         0          OK          
721    1         0          OK          
722    1         0          OK          
723    1         0          OK          
724    1         0          OK          
725    1         0          OK          
726    1         0          OK          
727    1         0          OK          
728    1         0          OK          
729    1         0          OK          
730    1         0          OK          
731    1         0          OK          
732    1         0          OK          
733    1         0          OK          
734    1         0          OK          
735    1         0          OK          
736    1         0          OK          
737    1         0          OK          
738    1         0          OK          
739    1         0          OK          
740    1         0          OK          
741    1         0          OK          
742    1         0          OK          
743    1         0          OK          
744    1         0          OK          
745    1         0          OK          
746    1         0          OK          
747    1         0          OK          
748    1         0          OK          
749    1         0          OK          
750    1         0          OK          
751    1         0          OK          
752    1         0          OK          
753    1         0          OK          
754    1         1          OK          
755    1         1          OK          
756    1         0          OK          
757    1         0          OK          
758    1         1          OK          
759    1         1          OK          
760    1         0          OK          
761    1         0          OK          
762    1         0          OK          
763    1         0          OK          
764    1         0          OK          
765    1         0          OK          
766    1         0          OK          
767    1         0          OK          
768    1         0          OK          
769    1         0          OK          
770    1         0          OK          
771    1         0          OK          
772    1         0          OK          
773    1         0          OK          
774    1         0          OK          
775    1         0          OK          
776    1         0          OK          
777    1         0          OK          
778    1         0          OK          
779    1         0          OK          
780    1         0          OK          
781    1         0          OK          
782    1         0          OK          
783    1         0          OK          
784    1         0          OK          
785    1         0          OK          
786    1         0          OK          
787    1         0          OK          
788    1         1          OK          
789    1         1          OK          
790    1         1          OK          
791    1         1          OK          
792    1         0          OK          
793    1         0          OK          
794    1         0          OK          
795    1         0          OK          
796    1         0          OK          
797    1         0          OK          
798    1         0          OK          
799    1         0          OK          
800    1         0          OK          
801    1         0          OK          
802    1         1          OK          
803    1         1          OK          
804    1         0          OK          
805    1         0          OK          
806    1         0          OK          
807    1         0          OK          
808    1         0          OK          
809    1         0          OK          
810    1         0          OK          
811    1         0          OK          
812    1         0          OK          
813    1         1          OK          
814    1         1          OK          
815    1         1          OK          
816    1         0          OK          
817    1         0          OK          
818    1         0          OK          
819    1         0          OK          
820    1         0          OK          
821    1         0          OK          
822    1         0          OK          
823    1         0          OK          
824    1         0          OK          
825    1         0          OK          
826    1         0          OK          
827    1         0          OK          
828    1         0          OK          
829    1         0          OK          
830    1         0          OK          
831    1         0          OK          
832    1         0          OK          
833    1         0          OK          
834    1         0          OK          
835    1         0          OK          
836    1         0          OK          
837    1         0          OK          
838    1         0          OK          
839    1         0          OK          
840    1         0          OK          
841    1         0          OK          
842    1         0          OK          
843    1         0          OK          
844    1         0          OK          
845    1         0          OK          
846    1         0          OK          
847    1         0          OK          
848    1         0          OK          
849    1         0          OK          
850    1         0          OK          
851    1         0          OK          
852    1         0          OK          
853    1         0          OK          
854    1         0          OK          
855    1         0          OK          
856    1         0          OK          
857    1         0          OK          
858    1         0          OK          
859    1         0          OK          
860    1         0          OK          
861    1         0          OK          
862    1         0          OK          
863    1         0          OK          
864    1         0          OK          
865    1         0          OK          
866    1         0          OK          
867    1         0          OK          
868    1         0          OK          
869    1         0          OK          
870    1         0          OK          
871    1         0          OK          
872    1         0          OK          
873    1         0          OK          
874    1         0          OK          
875    1         0          OK          
876    1         0          OK          
877    1         0          OK          
878    1         0          OK          
879    1         0          OK          
880    1         0          OK          
881    1         0          OK          
882    1         0          OK          
883    1         0          OK          
884    1         0          OK          
885    1         0          OK          
886    1         0          OK          
887    1         0          OK          
888    1         0          OK          
889    1         0          OK          
890    1         0          OK          
891    1         0          OK          
892    1         0          OK          
893    1         0          OK          
894    1         0          OK          
895    1         0          OK          
896    1         0          OK          
897    1         0          OK          
898    1         0          OK          
899    1         0          OK          
900    1         0          OK          
901    1         0          OK          
902    1         0          OK          
903    1         0          OK          
904    1         0          OK          
905    1         0          OK          
906    1         0          OK          
907    1         0          OK          
908    1         0          OK          
909    1         0          OK          
910    1         0          OK          
911    1         0          OK          
912    1         0          OK          
913    1         0          OK          
914    1         0          OK          
915    1         0          OK          
916    1         0          OK          
917    1         0          OK          
918    1         0          OK          
919    1         0          OK          
920    1         0          OK          
921    1         0          OK          
922    1         0          OK          
923    1         0          OK          
924    1         0          OK          
925    1         0          OK          
926    1         0          OK          
927    1         0          OK          
928    1         0          OK          
929    1         0          OK          
930    1         0          OK          
931    1         0          OK          
932    1         0          OK          
933    1         0          OK          
934    1         0          OK          
935    1         0          OK          
936    1         0          OK          
937    1         0          OK          
938    1         0          OK          
939    1         0          OK          
940    1         0          OK          
941    1         0          OK          
942    1         1          OK          
943    1         1          OK          
944    1         0          OK          
945    1         1          OK          
946    1         0          OK          
947    1         0          OK          
948    1         0          OK          
949    1         0          OK          
950    1         0          OK          
951    1         0          OK          
952    1         0          OK          
953    1         0          OK          
954    1         0          OK          
955    1         0          OK          
956    1         0          OK          
957    1         0          OK          
958    1         0          OK          
959    1         0          OK          
960    1         0          OK          
961    1         0          OK          
962    1         0          OK          
963    1         0          OK          
964    1         0          OK          
965    1         0          OK          
966    1         0          OK          
967    1         0          OK          
968    1         0          OK          
969    1         0          OK          
970    1         0          OK          
971    1         0          OK          
972    1         0          OK          
973    1         0          OK          
974    1         0          OK          
975    1         0          OK          
976    1         0          OK          
977    1         0          OK          
978    1         1          OK          
979    1         1          OK          
980    1         0          OK          
981    1         0          OK          
982    1         0          OK          
983    1         0          OK          
984    1         0          OK          
985    1         0          OK          
986    1         0          OK          
987    1         0          OK          
988    1         0          OK          
989    1         0          OK          
990    1         0          OK          
991    1         0          OK          
992    1         0          OK          
993    1         0          OK          
994    1         0          OK          
995    1         0          OK          
996    1         0          OK          
997    1         0          OK          
998    1         0          OK          
999    1         0          OK          
1000   1         0          OK          
1001   1         0          OK          
1002   1         0          OK          
1003   1         0          OK          
1004   1         0          OK          
1005   1         0          OK          
1006   1         0          OK          
1007   1         0          OK          
1008   1         0          OK          
1009   1         0          OK          
1010   1         0          OK          
1011   1         0          OK          
1012   1         0          OK          
1013   1         0          OK          
1014   1         0          OK          
1015   1         0          OK          
1016   1         0          OK          
1017   1         0          OK          
1018   1         0          OK          
1019   1         0          OK          
1020   1         0          OK          
1021   1         0          OK          
1022   1         0          OK          
1023   1         0          OK          
1024   1         0          OK          
1025   1         0          OK          
1026   1         1          OK          
1027   1         1          OK          
1028   1         0          OK          
1029   1         0          OK          
1030   1         0          OK          
1031   1         0          OK          
1032   1         0          OK          
1033   1         0          OK          
1034   1         0          OK          
1035   1         0          OK          
1036   1         0          OK          
1037   1         0          OK          
1038   1         0          OK          
1039   1         0          OK          
1040   1         0          OK          
1041   1         0          OK          
1042   1         0          OK          
1043   1         0          OK          
1044   1         0          OK          
1045   1         0          OK          
1046   1         0          OK          
1047   1         0          OK          
1048   1         0          OK          
1049   1         0          OK          
1050   1         0          OK          
1051   1         0          OK          
1052   1         0          OK          
1053   1         0          OK          
1054   1         0          OK          
1055   1         0          OK          
1056   1         0          OK          
1057   1         0          OK          
1058   1         0          OK          
1059   1         0          OK          
1060   1         0          OK          
1061   1         0          OK          
1062   1         0          OK          
1063   1         0          OK          
1064   1         0          OK          
1065   1         0          OK          
1066   1         0          OK          
1067   1         0          OK          
1068   1         0          OK          
1069   1         0          OK          
1070   1         0          OK          
1071   1         1          OK          
1072   1         0          OK          
1073   1         0          OK          
1074   1         0          OK          
1075   1         0          OK          
1076   1         0          OK          
1077   1         1          OK          
1078   1         0          OK          
1079   1         0          OK          
1080   1         0          OK          
1081   1         0          OK          
1082   1         0          OK          
1083   1         0          OK          
1084   1         0          OK          
1085   1         0          OK          
1086   1         0          OK          
1087   1         0          OK          
1088   1         0          OK          
1089   1         0          OK          
1090   1         0          OK          
1091   1         0          OK          
1092   1         0          OK          
1093   1         0          OK          
1094   1         0          OK          
1095   1         0          OK          
1096   1         0          OK          
1097   1         0          OK          
1098   1         0          OK          
1099   1         0          OK          
1100   1         0          OK          
1101   1         0          OK          
1102   1         0          OK          
1103   1         0          OK          
1104   1         0          OK          
1105   1         0          OK          
1106   1         0          OK          
1107   1         0          OK          
1108   1         0          OK          
1109   1         0          OK          
1110   1         0          OK          
1111   1         0          OK          
1112   1         0          OK          
1113   1         0          OK          
1114   1         0          OK          
1115   1         0          OK          
1116   1         0          OK          
1117   1         0          OK          
1118   1         0          OK          
1119   1         0          OK          
1120   1         0          OK          
1121   1         0          OK          
1122   1         0          OK          
1123   1         0          OK          
1124   1         0          OK          
1125   1         0          OK          
1126   1         0          OK          
1127   1         0          OK          
1128   1         0          OK          
1129   1         0          OK          
1130   1         0          OK          
1131   1         0          OK          
1132   1         0          OK          
1133   1         0          OK          
1134   1         0          OK          
1135   1         0          OK          
1136   1         0          OK          
1137   1         0          OK          
1138   1         0          OK          
1139   1         0          OK          
1140   1         0          OK          
1141   1         0          OK          
1142   1         0          OK          
1143   1         0          OK          
1144   1         0          OK          
1145   1         0          OK          
1146   1         0          OK          
1147   1         0          OK          
1148   1         0          OK          
1149   1         0          OK          
1150   1         0          OK          
1151   1         0          OK          
1152   1         0          OK          
1153   1         0          OK          
1154   1         0          OK          
1155   1         0          OK          
1156   1         0          OK          
1157   1         0          OK          
1158   1         0          OK          
1159   1         0          OK          
1160   1         0          OK          
1161   1         0          OK          
1162   1         0          OK          
1163   1         0          OK          
1164   1         0          OK          
1165   1         0          OK          
1166   1         0          OK          
1167   1         0          OK          
1168   1         1          OK          
1169   1         1          OK          
1170   1         0          OK          
1171   1         0          OK          
1172   1         0          OK          
1173   1         0          OK          
1174   1         0          OK          
1175   1         0          OK          
1176   1         0          OK          
1177   1         0          OK          
1178   1         0          OK          
1179   1         0          OK          
1180   1         0          OK          
1181   1         0          OK          
1182   1         0          OK          
1183   1         0          OK          
1184   1         0          OK          
1185   1         0          OK          
1186   1         0          OK          
1187   1         0          OK          
1188   1         0          OK          
1189   1         0          OK          
1190   1         0          OK          
1191   1         0          OK          
1192   1         1          OK          
1193   1         1          OK          
1194   1         0          OK          
1195   1         0          OK          
1196   1         0          OK          
1197   1         0          OK          
1198   1         0          OK          
1199   1         0          OK          
1200   1         0          OK          
1201   1         0          OK          
1202   1         0          OK          
1203   1         0          OK          
1204   1         0          OK          
1205   1         0          OK          
1206   1         0          OK          
1207   1         0          OK          
1208   1         0          OK          
1209   1         0          OK          
1210   1         0          OK          
1211   1         0          OK          
1212   1         0          OK          
1213   1         0          OK          
1214   1         0          OK          
1215   1         0          OK          
1216   1         0          OK          
1217   1         0          OK          
1218   1         0          OK          
1219   1         0          OK          
1220   1         0          OK          
1221   1         0          OK          
1222   1         0          OK          
1223   1         0          OK          
1224   1         0          OK          
1225   1         0          OK          
1226   1         0          OK          
1227   1         0          OK          
1228   1         0          OK          
1229   1         0          OK          
1230   1         0          OK          
1231   1         0          OK          
1232   1         0          OK          
1233   1         0          OK          
1234   1         0          OK          
1235   1         0          OK          
1236   1         0          OK          
1237   1         0          OK          
1238   1         0          OK          
1239   1         0          OK          
1240   1         0          OK          
1241   1         0          OK          
1242   1         1          OK          
1243   1         1          OK          
1244   1         0          OK          
1245   1         0          OK          
1246   1         0          OK          
1247   1         0          OK          
1248   1         0          OK          
1249   1         0          OK          
1250   1         0          OK          
1251   1         0          OK          
1252   1         0          OK          
1253   1         0          OK          
1254   1         0          OK          
1255   1         0          OK          
1256   1         0          OK          
1257   1         0          OK          
1258   1         0          OK          
1259   1         0          OK          
1260   1         0          OK          
1261   1         0          OK          
1262   1         1          OK          
1263   1         1          OK          
1264   1         0          OK          
1265   1         0          OK          
1266   1         0          OK          
1267   1         0          OK          
1268   1         0          OK          
1269   1         0          OK          
1270   1         0          OK          
1271   1         0          OK          
1272   1         0          OK          
1273   1         0          OK          
1274   1         0          OK          
1275   1         0          OK          
1276   1         0          OK          
1277   1         0          OK          
1278   1         0          OK          
1279   1         0          OK          
1280   1         0          OK          
1281   1         0          OK          
1282   1         0          OK          
1283   1         0          OK          
1284   1         0          OK          
1285   1         0          OK          
1286   1         0          OK          
1287   1         0          OK          
1288   1         0          OK          
1289   1         0          OK          
1290   1         0          OK          
1291   1         0          OK          
1292   1         0          OK          
1293   1         0          OK          
1294   1         0          OK          
1295   1         0          OK          
1296   1         0          OK          
1297   1         0          OK          
1298   1         0          OK          
1299   1         0          OK          
1300   1         0          OK          
1301   1         0          OK          
1302   1         0          OK          
1303   1         0          OK          
1304   1         0          OK          
1305   1         0          OK          
1306   1         0          OK          
1307   1         0          OK          
1308   1         0          OK          
1309   1         0          OK          
1310   1         0          OK          
1311   1         0          OK          
1312   1         0          OK          
1313   1         0          OK          
1314   1         0          OK          
1315   1         0          OK          
1316   1         0          OK          
1317   1         0          OK          
1318   1         0          OK          
1319   1         0          OK          
1320   1         0          OK          
1321   1         0          OK          
1322   1         0          OK          
1323   1         0          OK          
1324   1         0          OK          
1325   1         0          OK          
1326   1         0          OK          
1327   1         0          OK          
1328   1         0          OK          
1329   1         0          OK          
1330   1         0          OK          
1331   1         0          OK          
1332   1         0          OK          
1333   1         0          OK          
1334   1         0          OK          
1335   1         0          OK          
1336   1         0          OK          
1337   1         1          OK          
1338   1         0          OK          
1339   1         0          OK          
1340   1         0          OK          
1341   1         0          OK          
1342   1         0          OK          
1343   1         0          OK          
1344   1         3          OK          
1345   1         3          OK          
1346   1         0          OK          
1347   1         0          OK          
1348   1         0          OK          
1349   1         0          OK          
1350   1         0          OK          
1351   1         0          OK          
1352   1         0          OK          
1353   1         0          OK          
1354   1         0          OK          
1355   1         0          OK          
1356   1         0          OK          
1357   1         0          OK          
1358   1         0          OK          
1359   1         0          OK          
1360   1         0          OK          
1361   1         0          OK          
1362   1         0          OK          
1363   1         0          OK          
1364   1         0          OK          
1365   1         0          OK          
1366   1         0          OK          
1367   1         0          OK          
1368   1         0          OK          
1369   1         0          OK          
1370   1         0          OK          
1371   1         0          OK          
1372   1         1          OK          
1373   1         1          OK          
1374   1         0          OK          
1375   1         0          OK          
1376   1         0          OK          
1377   1         0          OK          
1378   1         0          OK          
1379   1         0          OK          
1380   1         0          OK          
1381   1         0          OK          
1382   1         0          OK          
1383   1         0          OK          
1384   1         0          OK          
1385   1         0          OK          
1386   1         0          OK          
1387   1         0          OK          
1388   1         0          OK          
1389   1         0          OK          
1390   1         0          OK          
1391   1         0          OK          
1392   1         0          OK          
1393   1         0          OK          
1394   1         1          OK          
1395   1         0          OK          
1396   1         0          OK          
1397   1         0          OK          
1398   1         0          OK          
1399   1         0          OK          
1400   1         0          OK          
1401   1         0          OK          
1402   1         0          OK          
1403   1         0          OK          
1404   1         0          OK          
1405   1         0          OK          
1406   1         0          OK          
1407   1         0          OK          
1408   1         0          OK          
1409   1         0          OK          
1410   1         0          OK          
1411   1         0          OK          
1412   1         0          OK          
1413   1         0          OK          
1414   1         0          OK          
1415   1         0          OK          
1416   1         0          OK          
1417   1         0          OK          
1418   1         0          OK          
1419   1         0          OK          
1420   1         0          OK          
1421   1         0          OK          
1422   1         0          OK          
1423   1         0          OK          
1424   1         0          OK          
1425   1         0          OK          
1426   1         0          OK          
1427   1         0          OK          
1428   1         0          OK          
1429   1         0          OK          
1430   1         0          OK          
1431   1         0          OK          
1432   1         0          OK          
1433   1         0          OK          
1434   1         0          OK          
1435   1         0          OK          
1436   1         0          OK          
1437   1         0          OK          
1438   1         0          OK          
1439   1         0          OK          
1440   1         0          OK          
1441   1         0          OK          
1442   1         0          OK          
1443   1         0          OK          
1444   1         0          OK          
1445   1         0          OK          
1446   1         0          OK          
1447   1         0          OK          
1448   1         0          OK          
1449   1         0          OK          
1450   1         0          OK          
1451   1         0          OK          
1452   1         0          OK          
1453   1         1          OK          
1454   1         0          OK          
1455   1         0          OK          
1456   1         0          OK          
1457   1         0          OK          
1458   1         0          OK          
1459   1         0          OK          
1460   1         0          OK          
1461   1         0          OK          
1462   1         0          OK          
1463   1         0          OK          
1464   1         0          OK          
1465   1         0          OK          
1466   1         0          OK          
1467   1         0          OK          
1468   1         0          OK          
1469   1         0          OK          
1470   1         0          OK          
1471   1         0          OK          
1472   1         0          OK          
1473   1         0          OK          
1474   1         0          OK          
1475   1         0          OK          
1476   1         0          OK          
1477   1         0          OK          
1478   1         0          OK          
1479   1         0          OK          
1480   1         0          OK          
1481   1         0          OK          
1482   1         0          OK          
1483   1         0          OK          
1484   1         0          OK          
1485   1         0          OK          
1486   1         0          OK          
1487   1         0          OK          
1488   1         0          OK          
1489   1         0          OK          
1490   1         0          OK          
1491   1         0          OK          
1492   1         0          OK          
1493   1         0          OK          
1494   1         0          OK          
1495   1         0          OK          
1496   1         0          OK          
1497   1         0          OK          
1498   1         0          OK          
1499   1         0          OK          
1500   1         0          OK          
1501   1         0          OK          
1502   1         0          OK          
1503   1         0          OK          
1504   1         0          OK          
1505   1         0          OK          
1506   1         0          OK          
1507   1         0          OK          
1508   1         0          OK          
1509   1         0          OK          
1510   1         0          OK          
1511   1         0          OK          
1512   1         0          OK          
1513   1         0          OK          
1514   1         0          OK          
1515   1         0          OK          
1516   1         0          OK          
1517   1         0          OK          
1518   1         0          OK          
1519   1         0          OK          
1520   1         0          OK          
1521   1         0          OK          
1522   1         0          OK          
1523   1         0          OK          
1524   1         0          OK          
1525   1         0          OK          
1526   1         0          OK          
1527   1         0          OK          
1528   1         0          OK          
1529   1         0          OK          
1530   1         0          OK          
1531   1         0          OK          
1532   1         0          OK          
1533   1         0          OK          
1534   1         1          OK          
1535   1         1          OK          
1536   1         0          OK          
1537   1         0          OK          
1538   1         1          OK          
1539   1         1          OK          
1540   1         0          OK          
1541   1         0          OK          
1542   1         0          OK          
1543   1         0          OK          
1544   1         0          OK          
1545   1         0          OK          
1546   1         0          OK          
1547   1         0          OK          
1548   1         0          OK          
1549   1         0          OK          
1550   1         0          OK          
1551   1         0          OK          
1552   1         0          OK          
1553   1         0          OK          
1554   1         0          OK          
1555   1         1          OK          
1556   1         0          OK          
1557   1         0          OK          
1558   1         0          OK          
1559   1         0          OK          
1560   1         0          OK          
1561   1         0          OK          
1562   1         0          OK          
1563   1         0          OK          
1564   1         0          OK          
1565   1         0          OK          
1566   1         0          OK          
1567   1         0          OK          
1568   1         0          OK          
1569   1         0          OK          
1570   1         0          OK          
1571   1         0          OK          
1572   1         0          OK          
1573   1         0          OK          
1574   1         0          OK          
1575   1         0          OK          
1576   1         0          OK          
1577   1         0          OK          
1578   1         0          OK          
1579   1         0          OK          
1580   1         0          OK          
1581   1         0          OK          
1582   1         0          OK          
1583   1         0          OK          
1584   1         0          OK          
1585   1         0          OK          
1586   1         0          OK          
1587   1         0          OK          
1588   1         0          OK          
1589   1         0          OK          
1590   1         1          OK          
1591   1         0          OK          
1592   1         0          OK          
1593   1         0          OK          
1594   1         0          OK          
1595   1         0          OK          
1596   1         0          OK          
1597   1         0          OK          
1598   1         0          OK          
1599   1         0          OK          
1600   1         0          OK          
1601   1         0          OK          
1602   1         0          OK          
1603   1         0          OK          
1604   1         0          OK          
1605   1         0          OK          
1606   1         0          OK          
1607   1         0          OK          
1608   1         0          OK          
1609   1         0          OK          
1610   1         0          OK          
1611   1         0          OK          
1612   1         0          OK          
1613   1         0          OK          
1614   1         0          OK          
1615   1         0          OK          
1616   1         0          OK          
1617   1         0          OK          
1618   1         1          OK          
1619   1         1          OK          
1620   1         0          OK          
1621   1         0          OK          
1622   1         0          OK          
1623   1         0          OK          
1624   1         0          OK          
1625   1         0          OK          
1626   1         0          OK          
1627   1         0          OK          
1628   1         0          OK          
1629   1         0          OK          
1630   1         0          OK          
1631   1         0          OK          
1632   1         0          OK          
1633   1         0          OK          
1634   1         0          OK          
1635   1         0          OK          
1636   1         0          OK          
1637   1         0          OK          
1638   1         0          OK          
1639   1         0          OK          
1640   1         0          OK          
1641   1         0          OK          
1642   1         1          OK          
1643   1         1          OK          
1644   1         0          OK          
1645   1         0          OK          
1646   1         0          OK          
1647   1         0          OK          
1648   1         0          OK          
1649   1         0          OK          
1650   1         0          OK          
1651   1         0          OK          
1652   1         0          OK          
1653   1         0          OK          
1654   1         0          OK          
1655   1         0          OK          
1656   1         0          OK          
1657   1         0          OK          
1658   1         0          OK          
1659   1         0          OK          
1660   1         0          OK          
1661   1         0          OK          
1662   1         0          OK          
1663   1         0          OK          
1664   1         0          OK          
1665   1         0          OK          
1666   1         0          OK          
1667   1         0          OK          
1668   1         0          OK          
1669   1         0          OK          
1670   1         0          OK          
1671   1         0          OK          
1672   1         1          OK          
1673   1         1          OK          
1674   1         0          OK          
1675   1         1          OK          
1676   1         0          OK          
1677   1         0          OK          
1678   1         0          OK          
1679   1         0          OK          
1680   1         0          OK          
1681   1         0          OK          
1682   1         0          OK          
1683   1         0          OK          
1684   1         1          OK          
1685   1         0          OK          
1686   1         0          OK          
1687   1         0          OK          
1688   1         0          OK          
1689   1         0          OK          
1690   1         0          OK          
1691   1         0          OK          
1692   1         0          OK          
1693   1         0          OK          
1694   1         1          OK          
1695   1         0          OK          
1696   1         1          OK          
1697   1         0          OK          
1698   1         0          OK          
1699   1         0          OK          
1700   1         0          OK          
1701   1         0          OK          
1702   1         0          OK          
1703   1         0          OK          
1704   1         0          OK          
1705   1         0          OK          
1706   1         0          OK          
1707   1         0          OK          
1708   1         0          OK          
1709   1         0          OK          
1710   1         0          OK          
1711   1         0          OK          
1712   1         0          OK          
1713   1         0          OK          
1714   1         0          OK          
1715   1         0          OK          
1716   1         0          OK          
1717   1         0          OK          
1718   1         0          OK          
1719   1         0          OK          
1720   1         0          OK          
1721   1         0          OK          
1722   1         0          OK          
1723   1         0          OK          
1724   1         0          OK          
1725   1         0          OK          
1726   1         0          OK          
1727   1         0          OK          
1728   1         0          OK          
1729   1         0          OK          
1730   1         0          OK          
1731   1         0          OK          
1732   1         0          OK          
1733   1         0          OK          
1734   1         0          OK          
1735   1         0          OK          
1736   1         0          OK          
1737   1         0          OK          
1738   1         0          OK          
1739   1         0          OK          
1740   1         0          OK          
1741   1         0          OK          
1742   1         0          OK          
1743   1         0          OK          
1744   1         0          OK          
1745   1         0          OK          
1746   1         0          OK          
1747   1         0          OK          
1748   1         0          OK          
1749   1         0          OK          
1750   1         0          OK          
1751   1         0          OK          
1752   1         0          OK          
1753   1         0          OK          
1754   1         0          OK          
1755   1         0          OK          
1756   1         0          OK          
1757   1         0          OK          
1758   1         0          OK          
1759   1         0          OK          
1760   1         0          OK          
1761   1         0          OK          
1762   1         0          OK          
1763   1         0          OK          
1764   1         0          OK          
1765   1         0          OK          
1766   1         0          OK          
1767   1         0          OK          
1768   1         0          OK          
1769   1         0          OK          
1770   1         0          OK          
1771   1         0          OK          
1772   1         0          OK          
1773   1         0          OK          
1774   1         0          OK          
1775   1         0          OK          
1776   1         0          OK          
1777   1         0          OK          
1778   1         1          OK          
1779   1         1          OK          
1780   1         0          OK          
1781   1         0          OK          
1782   1         0          OK          
1783   1         0          OK          
1784   1         0          OK          
1785   1         0          OK          
1786   1         0          OK          
1787   1         0          OK          
1788   1         0          OK          
1789   1         0          OK          
1790   1         0          OK          
1791   1         0          OK          
1792   1         0          OK          
1793   1         0          OK          
1794   1         0          OK          
1795   1         0          OK          
1796   1         0          OK          
1797   1         0          OK          
1798   1         0          OK          
1799   1         0          OK          
1800   1         0          OK          
1801   1         0          OK          
1802   1         0          OK          
1803   1         0          OK          
1804   1         0          OK          
1805   1         0          OK          
1806   1         0          OK          
1807   1         0          OK          
1808   1         0          OK          
1809   1         0          OK          
1810   1         0          OK          
1811   1         0          OK          
1812   1         0          OK          
1813   1         0          OK          
1814   1         0          OK          
1815   1         0          OK          
1816   1         0          OK          
1817   1         0          OK          
1818   1         0          OK          
1819   1         0          OK          
1820   1         0          OK          
1821   1         0          OK          
1822   1         0          OK          
1823   1         0          OK          
1824   1         0          OK          
1825   1         0          OK          
1826   1         1          OK          
1827   1         0          OK          
1828   1         0          OK          
1829   1         0          OK          
1830   1         0          OK          
1831   1         1          OK          
1832   1         0          OK          
1833   1         0          OK          
1834   1         0          OK          
1835   1         0          OK          
1836   1         0          OK          
1837   1         0          OK          
1838   1         1          OK          
1839   1         1          OK          
1840   1         0          OK          
1841   1         0          OK          
1842   1         0          OK          
1843   1         0          OK          
1844   1         0          OK          
1845   1         0          OK          
1846   1         0          OK          
1847   1         0          OK          
1848   1         0          OK          
1849   1         0          OK          
1850   1         0          OK          
1851   1         0          OK          
1852   1         0          OK          
1853   1         0          OK          
1854   1         0          OK          
1855   1         1          OK          
1856   1         0          OK          
1857   1         0          OK          
1858   1         0          OK          
1859   1         0          OK          
1860   1         0          OK          
1861   1         1          OK          
1862   1         0          OK          
1863   1         0          OK          
1864   1         0          OK          
1865   1         0          OK          
1866   1         0          OK          
1867   1         0          OK          
1868   1         0          OK          
1869   1         1          OK          
1870   1         0          OK          
1871   1         0          OK          
1872   1         0          OK          
1873   1         0          OK          
1874   1         0          OK          
1875   1         0          OK          
1876   1         1          OK          
1877   1         0          OK          
1878   1         0          OK          
1879   1         0          OK          
1880   1         1          OK          
1881   1         1          OK          
1882   1         0          OK          
1883   1         0          OK          
1884   1         0          OK          
1885   1         0          OK          
1886   1         0          OK          
1887   1         0          OK          
1888   1         0          OK          
1889   1         0          OK          
1890   1         0          OK          
1891   1         0          OK          
1892   1         0          OK          
1893   1         0          OK          
1894   1         0          OK          
1895   1         0          OK          
1896   1         0          OK          
1897   1         0          OK          
1898   1         0          OK          
1899   1         0          OK          
1900   1         0          OK          
1901   1         0          OK          
1902   1         0          OK          
1903   1         0          OK          
1904   1         0          OK          
1905   1         0          OK          
1906   1         0          OK          
1907   1         0          OK          
1908   1         0          OK          
1909   1         0          OK          
1910   1         0          OK          
1911   1         0          OK          
1912   1         0          OK          
1913   1         0          OK          
1914   1         0          OK          
1915   1         0          OK          
1916   1         0          OK          
1917   1         0          OK          
1918   1         0          OK          
1919   1         0          OK          
1920   1         0          OK          
1921   1         1          OK          
1922   1         0          OK          
1923   1         0          OK          
1924   1         0          OK          
1925   1         0          OK          
1926   1         0          OK          
1927   1         0          OK          
1928   1         1          OK          
1929   1         1          OK          
1930   1         0          OK          
1931   1         0          OK          
1932   1         0          OK          
1933   1         0          OK          
1934   1         0          OK          
1935   1         0          OK          
1936   1         0          OK          
1937   1         0          OK          
1938   1         0          OK          
1939   1         0          OK          
1940   1         0          OK          
1941   1         0          OK          
1942   1         0          OK          
1943   1         0          OK          
1944   1         0          OK          
1945   1         0          OK          
1946   1         0          OK          
1947   1         0          OK          
1948   1         1          OK          
1949   1         1          OK          
1950   1         0          OK          
1951   1         0          OK          
1952   1         0          OK          
1953   1         0          OK          
1954   1         0          OK          
1955   1         0          OK          
1956   1         0          OK          
1957   1         0          OK          
1958   1         0          OK          
1959   1         0          OK          
1960   1         0          OK          
1961   1         0          OK          
1962   1         0          OK          
1963   1         0          OK          
1964   1         0          OK          
1965   1         0          OK          
1966   1         0          OK          
1967   1         0          OK          
1968   1         0          OK          
1969   1         0          OK          
1970   1         0          OK          
1971   1         0          OK          
1972   1         0          OK          
1973   1         0          OK          
1974   1         0          OK          
1975   1         0          OK          
1976   1         0          OK          
1977   1         0          OK          
1978   1         0          OK          
1979   1         0          OK          
1980   1         0          OK          
1981   1         0          OK          
1982   1         0          OK          
1983   1         0          OK          
1984   1         1          OK          
1985   1         1          OK          
1986   1         0          OK          
1987   1         0          OK          
1988   1         0          OK          
1989   1         0          OK          
1990   1         0          OK          
1991   1         0          OK          
1992   1         0          OK          
1993   1         0          OK          
1994   1         0          OK          
1995   1         0          OK          
1996   1         0          OK          
1997   1         1          OK          
1998   1         0          OK          
1999   1         0          OK          
2000   1         0          OK          
2001   1         0          OK          
2002   1         0          OK          
2003   1         0          OK          
2004   1         0          OK          
2005   1         0          OK          
2006   1         0          OK          
2007   1         0          OK          
2008   1         0          OK          
2009   1         0          OK          
2010   1         0          OK          
2011   1         0          OK          
2012   1         0          OK          
2013   1         0          OK          
2014   1         0          OK          
2015   1         0          OK          
2016   1         0          OK          
2017   1         0          OK          
2018   1         0          OK          
2019   1         0          OK          
2020   1         0          OK          
2021   1         1          OK          
2022   1         0          OK          
2023   1         0          OK          
2024   1         1          OK          
2025   1         1          OK          
2026   1         0          OK          
2027   1         0          OK          
2028   1         0          OK          
2029   1         0          OK          
2030   1         0          OK          
2031   1         0          OK          
2032   1         1          OK          
2033   1         1          OK          
2034   1         0          OK          
2035   1         0          OK          
2036   1         0          OK          
2037   1         0          OK          
2038   1         0          OK          
2039   1         0          OK          
2040   1         0          OK          
2041   1         0          OK          
2042   1         0          OK          
2043   1         0          OK          
2044   1         0          OK          
2045   1         0          OK          
2046   1         0          OK          
2047   1         0          OK          
2048   1         0          OK          
2049   1         0          OK          
2050   1         0          OK          
2051   1         0          OK          
2052   1         0          OK          
2053   1         0          OK          
2054   1         0          OK          
2055   1         0          OK          
2056   1         0          OK          
2057   1         0          OK          
2058   1         1          OK          
2059   1         0          OK          
2060   1         0          OK          
2061   1         0          OK          
2062   1         0          OK          
2063   1         0          OK          
2064   1         0          OK          
2065   1         0          OK          
2066   1         0          OK          
2067   1         0          OK          
2068   1         0          OK          
2069   1         0          OK          
2070   1         0          OK          
2071   1         0          OK          
2072   1         1          OK          
2073   1         1          OK          
2074   1         0          OK          
2075   1         0          OK          
2076   1         0          OK          
2077   1         0          OK          
2078   1         0          OK          
2079   1         0          OK          
2080   1         0          OK          
2081   1         0          OK          
2082   1         0          OK          
2083   1         0          OK          
2084   1         0          OK          
2085   1         0          OK          
2086   1         0          OK          
2087   1         0          OK          
2088   1         0          OK          
2089   1         0          OK          
2090   1         0          OK          
2091   1         0          OK          
2092   1         0          OK          
2093   1         0          OK          
2094   1         1          OK          
2095   1         1          OK          
2096   1         0          OK          
2097   1         0          OK          
2098   1         0          OK          
2099   1         0          OK          
2100   1         0          OK          
2101   1         0          OK          
2102   1         0          OK          
2103   1         0          OK          
2104   1         0          OK          
2105   1         0          OK          
2106   1         0          OK          
2107   1         0          OK          
2108   1         0          OK          
2109   1         0          OK          
2110   1         0          OK          
2111   1         0          OK          
2112   1         0          OK          
2113   1         0          OK          
2114   1         1          OK          
2115   1         1          OK          
2116   1         0          OK          
2117   1         0          OK          
2118   1         0          OK          
2119   1         0          OK          
2120   1         0          OK          
2121   1         0          OK          
2122   1         1          OK          
2123   1         1          OK          
2124   1         0          OK          
2125   1         0          OK          
2126   1         0          OK          
2127   1         0          OK          
2128   1         0          OK          
2129   1         0          OK          
2130   1         0          OK          
2131   1         0          OK          
2132   1         0          OK          
2133   1         0          OK          
2134   1         1          OK          
2135   1         1          OK          
2136   1         0          OK          
2137   1         0          OK          
2138   1         0          OK          
2139   1         0          OK          
2140   1         0          OK          
2141   1         0          OK          
2142   1         0          OK          
2143   1         0          OK          
2144   1         0          OK          
2145   1         0          OK          
2146   1         0          OK          
2147   1         0          OK          
2148   1         0          OK          
2149   1         0          OK          
2150   1         0          OK          
2151   1         0          OK          
2152   1         0          OK          
2153   1         0          OK          
2154   1         0          OK          
2155   1         0          OK          
2156   1         0          OK          
2157   1         0          OK          
2158   1         0          OK          
2159   1         0          OK          
2160   1         0          OK          
2161   1         0          OK          
2162   1         0          OK          
2163   1         0          OK          
2164   1         0          OK          
2165   1         0          OK          
2166   1         0          OK          
2167   1         0          OK          
2168   1         0          OK          
2169   1         0          OK          
2170   1         1          OK          
2171   1         1          OK          
2172   1         0          OK          
2173   1         0          OK          
2174   1         0          OK          
2175   1         0          OK          
2176   1         0          OK          
2177   1         0          OK          
2178   1         0          OK          
2179   1         0          OK          
2180   1         0          OK          
2181   1         0          OK          
2182   1         0          OK          
2183   1         0          OK          
2184   1         0          OK          
2185   1         0          OK          
2186   1         0          OK          
2187   1         0          OK          
2188   1         0          OK          
2189   1         0          OK          
2190   1         0          OK          
2191   1         0          OK          
2192   1         0          OK          
2193   1         0          OK          
2194   1         1          OK          
2195   1         1          OK          
2196   1         0          OK          
2197   1         0          OK          
2198   1         1          OK          
2199   1         1          OK          
2200   1         0          OK          
2201   1         0          OK          
2202   1         0          OK          
2203   1         0          OK          
2204   1         0          OK          
2205   1         0          OK          
2206   1         0          OK          
2207   1         0          OK          
2208   1         0          OK          
2209   1         0          OK          
2210   1         0          OK          
2211   1         0          OK          
2212   1         0          OK          
2213   1         0          OK          
2214   1         0          OK          
2215   1         0          OK          
2216   1         0          OK          
2217   1         0          OK          
2218   1         0          OK          
2219   1         0          OK          
2220   1         0          OK          
2221   1         0          OK          
2222   1         0          OK          
2223   1         0          OK          
2224   1         0          OK          
2225   1         0          OK          
2226   1         0          OK          
2227   1         0          OK          
2228   1         0          OK          
2229   1         0          OK          
2230   1         0          OK          
2231   1         0          OK          
2232   1         0          OK          
2233   1         0          OK          
2234   1         0          OK          
2235   1         0          OK          
2236   1         1          OK          
2237   1         1          OK          
2238   1         0          OK          
2239   1         0          OK          
2240   1         0          OK          
2241   1         0          OK          
2242   1         0          OK          
2243   1         0          OK          
2244   1         0          OK          
2245   1         0          OK          
2246   1         0          OK          
2247   1         0          OK          
2248   1         0          OK          
2249   1         0          OK          
2250   1         0          OK          
2251   1         0          OK          
2252   1         0          OK          
2253   1         0          OK          
2254   1         0          OK          
2255   1         0          OK          
2256   1         0          OK          
2257   1         0          OK          
2258   1         0          OK          
2259   1         0          OK          
2260   1         1          OK          
2261   1         1          OK          
2262   1         0          OK          
2263   1         0          OK          
2264   1         0          OK          
2265   1         0          OK          
2266   1         0          OK          
2267   1         0          OK          
2268   1         1          OK          
2269   1         1          OK          
2270   1         0          OK          
2271   1         0          OK          
2272   1         0          OK          
2273   1         0          OK          
2274   1         0          OK          
2275   1         0          OK          
2276   1         0          OK          
2277   1         0          OK          
2278   1         0          OK          
2279   1         0          OK          
2280   1         0          OK          
2281   1         0          OK          
2282   1         0          OK          
2283   1         0          OK          
2284   1         0          OK          
2285   1         0          OK          
2286   1         0          OK          
2287   1         0          OK          
2288   1         0          OK          
2289   1         0          OK          
2290   1         0          OK          
2291   1         0          OK          
2292   1         0          OK          
2293   1         0          OK          
2294   1         0          OK          
2295   1         0          OK          
2296   1         0          OK          
2297   1         0          OK          
2298   1         0          OK          
2299   1         0          OK          
2300   1         0          OK          
2301   1         0          OK          
2302   1         0          OK          
2303   1         1          OK          
2304   1         0          OK          
2305   1         0          OK          
2306   1         0          OK          
2307   1         0          OK          
2308   1         0          OK          
2309   1         0          OK          
2310   1         0          OK          
2311   1         0          OK          
2312   1         0          OK          
2313   1         0          OK          
2314   1         0          OK          
2315   1         0          OK          
2316   1         0          OK          
2317   1         0          OK          
2318   1         0          OK          
2319   1         0          OK          
2320   1         0          OK          
2321   1         0          OK          
2322   1         0          OK          
2323   1         0          OK          
2324   1         0          OK          
2325   1         0          OK          
2326   1         0          OK          
2327   1         0          OK          
2328   1         0          OK          
2329   1         0          OK          
2330   1         0          OK          
2331   1         1          OK          
2332   1         2          OK          
2333   1         2          OK          
2334   1         0          OK          
2335   1         0          OK          
2336   1         0          OK          
2337   1         0          OK          
2338   1         0          OK          
2339   1         0          OK          
2340   1         0          OK          
2341   1         0          OK          
2342   1         0          OK          
2343   1         0          OK          
2344   1         0          OK          
2345   1         0          OK          
2346   1         0          OK          
2347   1         0          OK          
2348   1         0          OK          
2349   1         0          OK          
2350   1         0          OK          
2351   1         0          OK          
2352   1         0          OK          
2353   1         0          OK          
2354   1         0          OK          
2355   1         0          OK          
2356   1         0          OK          
2357   1         0          OK          
2358   1         0          OK          
2359   1         0          OK          
2360   1         0          OK          
2361   1         0          OK          
2362   1         0          OK          
2363   1         0          OK          
2364   1         0          OK          
2365   1         0          OK          
2366   1         0          OK          
2367   1         0          OK          
2368   1         0          OK          
2369   1         0          OK          
2370   1         1          OK          
2371   1         1          OK          
2372   1         0          OK          
2373   1         0          OK          
2374   1         0          OK          
2375   1         0          OK          
2376   1         0          OK          
2377   1         0          OK          
2378   1         0          OK          
2379   1         0          OK          
2380   1         0          OK          
2381   1         0          OK          
2382   1         0          OK          
2383   1         0          OK          
2384   1         0          OK          
2385   1         0          OK          
2386   1         0          OK          
2387   1         0          OK          
2388   1         0          OK          
2389   1         0          OK          
2390   1         0          OK          
2391   1         0          OK          
2392   1         0          OK          
2393   1         0          OK          
2394   1         0          OK          
2395   1         0          OK          
2396   1         0          OK          
2397   1         0          OK          
2398   1         0          OK          
2399   1         0          OK          
2400   1         0          OK          
2401   1         0          OK          
2402   1         0          OK          
2403   1         0          OK          
2404   1         0          OK          
2405   1         0          OK          
2406   1         0          OK          
2407   1         0          OK          
2408   1         0          OK          
2409   1         0          OK          
2410   1         0          OK          
2411   1         0          OK          
2412   1         1          OK          
2413   1         1          OK          
2414   1         0          OK          
2415   1         0          OK          
2416   1         0          OK          
2417   1         0          OK          
2418   1         0          OK          
2419   1         0          OK          
2420   1         0          OK          
2421   1         1          OK          
2422   1         0          OK          
2423   1         0          OK          
2424   1         0          OK          
2425   1         0          OK          
2426   1         0          OK          
2427   1         0          OK          
2428   1         0          OK          
2429   1         0          OK          
2430   1         0          OK          
2431   1         0          OK          
2432   1         0          OK          
2433   1         0          OK          
2434   1         0          OK          
2435   1         1          OK          
2436   1         0          OK          
2437   1         0          OK          
2438   1         0          OK          
2439   1         0          OK          
2440   1         0          OK          
2441   1         0          OK          
2442   1         0          OK          
2443   1         0          OK          
2444   1         0          OK          
2445   1         0          OK          
2446   1         1          OK          
2447   1         1          OK          
2448   1         0          OK          
2449   1         0          OK          
2450   1         0          OK          
2451   1         0          OK          
2452   1         0          OK          
2453   1         0          OK          
2454   1         1          OK          
2455   1         0          OK          
2456   1         0          OK          
2457   1         0          OK          
2458   1         0          OK          
2459   1         0          OK          
2460   1         0          OK          
2461   1         0          OK          
2462   1         0          OK          
2463   1         0          OK          
2464   1         0          OK          
2465   1         0          OK          
2466   1         0          OK          
2467   1         0          OK          
2468   1         0          OK          
2469   1         0          OK          
2470   1         0          OK          
2471   1         0          OK          
2472   1         0          OK          
2473   1         0          OK          
2474   1         0          OK          
2475   1         0          OK          
2476   1         0          OK          
2477   1         0          OK          
2478   1         0          OK          
2479   1         0          OK          
2480   1         0          OK          
2481   1         0          OK          
2482   1         0          OK          
2483   1         0          OK          
2484   1         0          OK          
2485   1         0          OK          
2486   1         0          OK          
2487   1         0          OK          
2488   1         0          OK          
2489   1         0          OK          
2490   1         0          OK          
2491   1         0          OK          
2492   1         0          OK          
2493   1         0          OK          
2494   1         0          OK          
2495   1         0          OK          
2496   1         0          OK          
2497   1         0          OK          
2498   1         0          OK          
2499   1         0          OK          
2500   1         0          OK          
2501   1         0          OK          
2502   1         0          OK          
2503   1         0          OK          
2504   1         0          OK          
2505   1         0          OK          
2506   1         0          OK          
2507   1         0          OK          
2508   1         0          OK          
2509   1         0          OK          
2510   1         0          OK          
2511   1         0          OK          
2512   1         0          OK          
2513   1         0          OK          
2514   1         0          OK          
2515   1         0          OK          
2516   1         0          OK          
2517   1         0          OK          
2518   1         0          OK          
2519   1         0          OK          
2520   1         0          OK          
2521   1         0          OK          
2522   1         0          OK          
2523   1         0          OK          
2524   1         0          OK          
2525   1         1          OK          
2526   1         0          OK          
2527   1         0          OK          
2528   1         0          OK          
2529   1         0          OK          
2530   1         0          OK          
2531   1         0          OK          
2532   1         0          OK          
2533   1         0          OK          
2534   1         0          OK          
2535   1         0          OK          
2536   1         0          OK          
2537   1         0          OK          
2538   1         0          OK          
2539   1         0          OK          
2540   1         0          OK          
2541   1         0          OK          
2542   1         0          OK          
2543   1         0          OK          
2544   1         0          OK          
2545   1         0          OK          
2546   1         0          OK          
2547   1         0          OK          
2548   1         0          OK          
2549   1         0          OK          
2550   1         0          OK          
2551   1         0          OK          
2552   1         0          OK          
2553   1         0          OK          
2554   1         0          OK          
2555   1         0          OK          
2556   1         0          OK          
2557   1         0          OK          
2558   1         0          OK          
2559   1         0          OK          
2560   1         0          OK          
2561   1         0          OK          
2562   1         0          OK          
2563   1         1          OK          
2564   1         0          OK          
2565   1         0          OK          
2566   1         0          OK          
2567   1         0          OK          
2568   1         0          OK          
2569   1         0          OK          
2570   1         0          OK          
2571   1         0          OK          
2572   1         0          OK          
2573   1         0          OK          
2574   1         0          OK          
2575   1         0          OK          
2576   1         0          OK          
2577   1         0          OK          
2578   1         0          OK          
2579   1         0          OK          
2580   1         0          OK          
2581   1         0          OK          
2582   1         0          OK          
2583   1         0          OK          
2584   1         0          OK          
2585   1         0          OK          
2586   1         0          OK          
2587   1         0          OK          
2588   1         0          OK          
2589   1         0          OK          
2590   1         0          OK          
2591   1         0          OK          
2592   1         0          OK          
2593   1         0          OK          
2594   1         0          OK          
2595   1         0          OK          
2596   1         1          OK          
2597   1         1          OK          
2598   1         0          OK          
2599   1         0          OK          
2600   1         0          OK          
2601   1         0          OK          
2602   1         0          OK          
2603   1         0          OK          
2604   1         0          OK          
2605   1         0          OK          
2606   1         0          OK          
2607   1         0          OK          
2608   1         0          OK          
2609   1         0          OK          
2610   1         0          OK          
2611   1         0          OK          
2612   1         0          OK          
2613   1         0          OK          
2614   1         0          OK          
2615   1         0          OK          
2616   1         0          OK          
2617   1         0          OK          
2618   1         0          OK          
2619   1         0          OK          
2620   1         0          OK          
2621   1         0          OK          
2622   1         0          OK          
2623   1         0          OK          
2624   1         0          OK          
2625   1         0          OK          
2626   1         0          OK          
2627   1         0          OK          
2628   1         0          OK          
2629   1         0          OK          
2630   1         0          OK          
2631   1         0          OK          
2632   1         1          OK          
2633   1         0          OK          
2634   1         0          OK          
2635   1         0          OK          
2636   1         0          OK          
2637   1         0          OK          
2638   1         0          OK          
2639   1         0          OK          
2640   1         0          OK          
2641   1         0          OK          
2642   1         0          OK          
2643   1         0          OK          
2644   1         0          OK          
2645   1         0          OK          
2646   1         0          OK          
2647   1         0          OK          
2648   1         1          OK          
2649   1         1          OK          
2650   1         0          OK          
2651   1         0          OK          
2652   1         0          OK          
2653   1         0          OK          
2654   1         0          OK          
2655   1         0          OK          
2656   1         0          OK          
2657   1         0          OK          
2658   1         0          OK          
2659   1         0          OK          
2660   1         0          OK          
2661   1         0          OK          
2662   1         0          OK          
2663   1         0          OK          
2664   1         0          OK          
2665   1         0          OK          
2666   1         0          OK          
2667   1         0          OK          
2668   1         0          OK          
2669   1         0          OK          
2670   1         0          OK          
2671   1         0          OK          
2672   1         0          OK          
2673   1         0          OK          
2674   1         0          OK          
2675   1         0          OK          
2676   1         1          OK          
2677   1         1          OK          
2678   1         0          OK          
2679   1         0          OK          
2680   1         0          OK          
2681   1         0          OK          
2682   1         0          OK          
2683   1         0          OK          
2684   1         1          OK          
2685   1         1          OK          
2686   1         0          OK          
2687   1         0          OK          
2688   1         0          OK          
2689   1         0          OK          
2690   1         0          OK          
2691   1         0          OK          
2692   1         1          OK          
2693   1         1          OK          
2694   1         0          OK          
2695   1         0          OK          
2696   1         0          OK          
2697   1         0          OK          
2698   1         0          OK          
2699   1         0          OK          
2700   1         0          OK          
2701   1         0          OK          
2702   1         0          OK          
2703   1         0          OK          
2704   1         0          OK          
2705   1         0          OK          
2706   1         0          OK          
2707   1         0          OK          
2708   1         0          OK          
2709   1         0          OK          
2710   1         0          OK          
2711   1         0          OK          
2712   1         0          OK          
2713   1         0          OK          
2714   1         0          OK          
2715   1         0          OK          
2716   1         0          OK          
2717   1         0          OK          
2718   1         0          OK          
2719   1         0          OK          
2720   1         0          OK          
2721   1         0          OK          
2722   1         0          OK          
2723   1         0          OK          
2724   1         0          OK          
2725   1         0          OK          
2726   1         0          OK          
2727   1         0          OK          
2728   1         0          OK          
2729   1         0          OK          
2730   1         0          OK          
2731   1         0          OK          
2732   1         0          OK          
2733   1         0          OK          
2734   1         0          OK          
2735   1         0          OK          
2736   1         0          OK          
2737   1         0          OK          
2738   1         0          OK          
2739   1         0          OK          
2740   1         0          OK          
2741   1         0          OK          
2742   1         0          OK          
2743   1         0          OK          
2744   1         0          OK          
2745   1         0          OK          
2746   1         0          OK          
2747   1         0          OK          
2748   1         0          OK          
2749   1         0          OK          
2750   1         0          OK          
2751   1         0          OK          
2752   1         0          OK          
2753   1         0          OK          
2754   1         0          OK          
2755   1         0          OK          
2756   1         0          OK          
2757   1         0          OK          
2758   1         1          OK          
2759   1         1          OK          
2760   1         0          OK          
2761   1         0          OK          
2762   1         0          OK          
2763   1         0          OK          
2764   1         0          OK          
2765   1         0          OK          
2766   1         0          OK          
2767   1         0          OK          
2768   1         0          OK          
2769   1         0          OK          
2770   1         0          OK          
2771   1         0          OK          
2772   1         0          OK          
2773   1         0          OK          
2774   1         0          OK          
2775   1         0          OK          
2776   1         0          OK          
2777   1         0          OK          
2778   1         0          OK          
2779   1         0          OK          
2780   1         0          OK          
2781   1         0          OK          
2782   1         0          OK          
2783   1         0          OK          
2784   1         0          OK          
2785   1         0          OK          
2786   1         0          OK          
2787   1         0          OK          
2788   1         0          OK          
2789   1         0          OK          
2790   1         0          OK          
2791   1         0          OK          
2792   1         0          OK          
2793   1         0          OK          
2794   1         0          OK          
2795   1         0          OK          
2796   1         0          OK          
2797   1         0          OK          
2798   1         1          OK          
2799   1         0          OK          
2800   1         0          OK          
2801   1         0          OK          
2802   1         0          OK          
2803   1         0          OK          
2804   1         0          OK          
2805   1         0          OK          
2806   1         0          OK          
2807   1         0          OK          
2808   1         0          OK          
2809   1         0          OK          
2810   1         0          OK          
2811   1         0          OK          
2812   1         0          OK          
2813   1         0          OK          
2814   1         0          OK          
2815   1         0          OK          
2816   1         0          OK          
2817   1         0          OK          
2818   1         0          OK          
2819   1         0          OK          
2820   1         0          OK          
2821   1         0          OK          
2822   1         0          OK          
2823   1         0          OK          
2824   1         0          OK          
2825   1         0          OK          
2826   1         0          OK          
2827   1         0          OK          
2828   1         0          OK          
2829   1         0          OK          
2830   1         0          OK          
2831   1         0          OK          
2832   1         0          OK          
2833   1         0          OK          
2834   1         0          OK          
2835   1         0          OK          
2836   1         0          OK          
2837   1         0          OK          
2838   1         0          OK          
2839   1         0          OK          
2840   1         0          OK          
2841   1         0          OK          
2842   1         0          OK          
2843   1         0          OK          
2844   1         0          OK          
2845   1         0          OK          
2846   1         0          OK          
2847   1         0          OK          
2848   1         1          OK          
2849   1         1          OK          
2850   1         0          OK          
2851   1         0          OK          
2852   1         0          OK          
2853   1         0          OK          
2854   1         0          OK          
2855   1         0          OK          
2856   1         0          OK          
2857   1         0          OK          
2858   1         0          OK          
2859   1         0          OK          
2860   1         0          OK          
2861   1         0          OK          
2862   1         0          OK          
2863   1         0          OK          
2864   1         1          OK          
2865   1         1          OK          
2866   1         0          OK          
2867   1         0          OK          
2868   1         0          OK          
2869   1         0          OK          
2870   1         1          OK          
2871   1         1          OK          
2872   1         0          OK          
2873   1         0          OK          
2874   1         0          OK          
2875   1         0          OK          
2876   1         0          OK          
2877   1         1          OK          
2878   1         0          OK          
2879   1         0          OK          
2880   1         0          OK          
2881   1         0          OK          
2882   1         0          OK          
2883   1         0          OK          
2884   1         0          OK          
2885   1         0          OK          
2886   1         0          OK          
2887   1         0          OK          
2888   1         0          OK          
2889   1         0          OK          
2890   1         0          OK          
2891   1         0          OK          
2892   1         0          OK          
2893   1         0          OK          
2894   1         0          OK          
2895   1         0          OK          
2896   1         0          OK          
2897   1         0          OK          
2898   1         0          OK          
2899   1         0          OK          
2900   1         0          OK          
2901   1         0          OK          
2902   1         0          OK          
2903   1         0          OK          
2904   1         0          OK          
2905   1         0          OK          
2906   1         0          OK          
2907   1         0          OK          
2908   1         0          OK          
2909   1         0          OK          
2910   1         0          OK          
2911   1         0          OK          
2912   1         0          OK          
2913   1         0          OK          
2914   1         0          OK          
2915   1         0          OK          
2916   1         0          OK          
2917   1         0          OK          
2918   1         0          OK          
2919   1         0          OK          
2920   1         0          OK          
2921   1         0          OK          
2922   1         0          OK          
2923   1         0          OK          
2924   1         0          OK          
2925   1         0          OK          
2926   1         0          OK          
2927   1         0          OK          
2928   1         0          OK          
2929   1         0          OK          
2930   1         0          OK          
2931   1         0          OK          
2932   1         0          OK          
2933   1         0          OK          
2934   1         0          OK          
2935   1         0          OK          
2936   1         0          OK          
2937   1         0          OK          
2938   1         0          OK          
2939   1         0          OK          
2940   1         0          OK          
2941   1         0          OK          
2942   1         0          OK          
2943   1         0          OK          
2944   1         0          OK          
2945   1         1          OK          
2946   1         0          OK          
2947   1         0          OK          
2948   1         0          OK          
2949   1         0          OK          
2950   1         0          OK          
2951   1         0          OK          
2952   1         0          OK          
2953   1         0          OK          
2954   1         0          OK          
2955   1         0          OK          
2956   1         1          OK          
2957   1         0          OK          
2958   1         0          OK          
2959   1         0          OK          
2960   1         0          OK          
2961   1         0          OK          
2962   1         0          OK          
2963   1         0          OK          
2964   1         0          OK          
2965   1         0          OK          
2966   1         0          OK          
2967   1         0          OK          
2968   1         0          OK          
2969   1         0          OK          
2970   1         0          OK          
2971   1         0          OK          
2972   1         0          OK          
2973   1         0          OK          
2974   1         0          OK          
2975   1         0          OK          
2976   1         0          OK          
2977   1         0          OK          
2978   1         0          OK          
2979   1         0          OK          
2980   1         0          OK          
2981   1         0          OK          
2982   1         0          OK          
2983   1         0          OK          
2984   1         1          OK          
2985   1         1          OK          
2986   1         0          OK          
2987   1         0          OK          
2988   1         0          OK          
2989   1         0          OK          
2990   1         0          OK          
2991   1         0          OK          
2992   1         0          OK          
2993   1         0          OK          
2994   1         0          OK          
2995   1         0          OK          
2996   1         0          OK          
2997   1         0          OK          
2998   1         0          OK          
2999   1         0          OK          
3000   1         0          OK          
3001   1         0          OK          
3002   1         0          OK          
3003   1         0          OK          
3004   1         0          OK          
3005   1         0          OK          
3006   1         0          OK          
3007   1         0          OK          
3008   1         0          OK          
3009   1         0          OK          
3010   1         0          OK          
3011   1         0          OK          
3012   1         0          OK          
3013   1         0          OK          
3014   1         0          OK          
3015   1         0          OK          
3016   1         0          OK          
3017   1         0          OK          
3018   1         0          OK          
3019   1         0          OK          
3020   1         0          OK          
3021   1         0          OK          
3022   1         0          OK          
3023   1         0          OK          
3024   1         0          OK          
3025   1         0          OK          
3026   1         0          OK          
3027   1         0          OK          
3028   1         1          OK          
3029   1         1          OK          
3030   1         0          OK          
3031   1         0          OK          
3032   1         0          OK          
3033   1         0          OK          
3034   1         0          OK          
3035   1         0          OK          
3036   1         0          OK          
3037   1         0          OK          
3038   1         0          OK          
3039   1         0          OK          
3040   1         0          OK          
3041   1         0          OK          
3042   1         0          OK          
3043   1         0          OK          
3044   1         0          OK          
3045   1         0          OK          
3046   1         1          OK          
3047   1         1          OK          
3048   1         0          OK          
3049   1         0          OK          
3050   1         0          OK          
3051   1         0          OK          
3052   1         0          OK          
3053   1         0          OK          
3054   1         1          OK          
3055   1         1          OK          
3056   1         0          OK          
3057   1         0          OK          
3058   1         0          OK          
3059   1         0          OK          
3060   1         0          OK          
3061   1         0          OK          
3062   1         0          OK          
3063   1         0          OK          
3064   1         0          OK          
3065   1         0          OK          
3066   1         1          OK          
3067   1         1          OK          
3068   1         0          OK          
3069   1         0          OK          
3070   1         0          OK          
3071   1         0          OK          
3072   1         0          OK          
3073   1         0          OK          
3074   1         1          OK          
3075   1         1          OK          
3076   1         0          OK          
3077   1         0          OK          
3078   1         0          OK          
3079   1         0          OK          
3080   1         0          OK          
3081   1         0          OK          
3082   1         0          OK          
3083   1         0          OK          
3084   1         0          OK          
3085   1         0          OK          
3086   1         0          OK          
3087   1         0          OK          
3088   1         0          OK          
3089   1         0          OK          
3090   1         0          OK          
3091   1         0          OK          
3092   1         0          OK          
3093   1         0          OK          
3094   1         0          OK          
3095   1         0          OK          
3096   1         0          OK          
3097   1         0          OK          
3098   1         0          OK          
3099   1         0          OK          
3100   1         0          OK          
3101   1         0          OK          
3102   1         0          OK          
3103   1         0          OK          
3104   1         0          OK          
3105   1         0          OK          
3106   1         0          OK          
3107   1         0          OK          
3108   1         0          OK          
3109   1         0          OK          
3110   1         1          OK          
3111   1         1          OK          
3112   1         0          OK          
3113   1         0          OK          
3114   1         0          OK          
3115   1         0          OK          
3116   1         0          OK          
3117   1         0          OK          
3118   1         0          OK          
3119   1         0          OK          
3120   1         0          OK          
3121   1         0          OK          
3122   1         0          OK          
3123   1         0          OK          
3124   1         0          OK          
3125   1         0          OK          
3126   1         0          OK          
3127   1         0          OK          
3128   1         0          OK          
3129   1         0          OK          
3130   1         0          OK          
3131   1         0          OK          
3132   1         0          OK          
3133   1         0          OK          
3134   1         0          OK          
3135   1         0          OK          
3136   1         0          OK          
3137   1         0          OK          
3138   1         0          OK          
3139   1         0          OK          
3140   1         0          OK          
3141   1         0          OK          
3142   1         0          OK          
3143   1         0          OK          
3144   1         0          OK          
3145   1         0          OK          
3146   1         0          OK          
3147   1         0          OK          
3148   1         0          OK          
3149   1         0          OK          
3150   1         0          OK          
3151   1         1          OK          
3152   1         0          OK          
3153   1         0          OK          
3154   1         1          OK          
3155   1         1          OK          
3156   1         0          OK          
3157   1         0          OK          
3158   1         0          OK          
3159   1         0          OK          
3160   1         0          OK          
3161   1         0          OK          
3162   1         1          OK          
3163   1         0          OK          
3164   1         0          OK          
3165   1         0          OK          
3166   1         0          OK          
3167   1         0          OK          
3168   1         0          OK          
3169   1         0          OK          
3170   1         0          OK          
3171   1         0          OK          
3172   1         0          OK          
3173   1         0          OK          
3174   1         0          OK          
3175   1         0          OK          
3176   1         1          OK          
3177   1         1          OK          
3178   1         0          OK          
3179   1         0          OK          
3180   1         1          OK          
3181   1         1          OK          
3182   1         0          OK          
3183   1         0          OK          
3184   1         0          OK          
3185   1         0          OK          
3186   1         0          OK          
3187   1         0          OK          
3188   1         0          OK          
3189   1         0          OK          
3190   1         0          OK          
3191   1         0          OK          
3192   1         0          OK          
3193   1         0          OK          
3194   1         0          OK          
3195   1         0          OK          
3196   1         0          OK          
3197   1         0          OK          
3198   1         0          OK          
3199   1         0          OK          
3200   1         0          OK          
3201   1         0          OK          
3202   1         0          OK          
3203   1         0          OK          
3204   1         0          OK          
3205   1         0          OK          
3206   1         0          OK          
3207   1         0          OK          
3208   1         0          OK          
3209   1         0          OK          
3210   1         0          OK          
3211   1         0          OK          
3212   1         0          OK          
3213   1         0          OK          
3214   1         0          OK          
3215   1         0          OK          
3216   1         0          OK          
3217   1         0          OK          
3218   1         0          OK          
3219   1         0          OK          
3220   1         1          OK          
3221   1         1          OK          
3222   1         0          OK          
3223   1         0          OK          
3224   1         0          OK          
3225   1         0          OK          
3226   1         0          OK          
3227   1         0          OK          
3228   1         1          OK          
3229   1         1          OK          
3230   1         0          OK          
3231   1         0          OK          
3232   1         1          OK          
3233   1         1          OK          
3234   1         0          OK          
3235   1         0          OK          
3236   1         0          OK          
3237   1         0          OK          
3238   1         0          OK          
3239   1         0          OK          
3240   1         0          OK          
3241   1         0          OK          
3242   1         0          OK          
3243   1         0          OK          
3244   1         0          OK          
3245   1         0          OK          
3246   1         0          OK          
3247   1         0          OK          
3248   1         0          OK          
3249   1         0          OK          
3250   1         0          OK          
3251   1         0          OK          
3252   1         0          OK          
3253   1         0          OK          
3254   1         0          OK          
3255   1         0          OK          
3256   1         0          OK          
3257   1         0          OK          
3258   1         0          OK          
3259   1         0          OK          
3260   1         0          OK          
3261   1         0          OK          
3262   1         0          OK          
3263   1         0          OK          
3264   1         0          OK          
3265   1         0          OK          
3266   1         0          OK          
3267   1         0          OK          
3268   1         0          OK          
3269   1         0          OK          
3270   1         0          OK          
3271   1         0          OK          
3272   1         0          OK          
3273   1         1          OK          
3274   1         0          OK          
3275   1         0          OK          
3276   1         0          OK          
3277   1         0          OK          
3278   1         0          OK          
3279   1         0          OK          
3280   1         0          OK          
3281   1         0          OK          
3282   1         0          OK          
3283   1         0          OK          
3284   1         0          OK          
3285   1         0          OK          
3286   1         0          OK          
3287   1         0          OK          
3288   1         0          OK          
3289   1         0          OK          
3290   1         0          OK          
3291   1         0          OK          
3292   1         0          OK          
3293   1         0          OK          
3294   1         1          OK          
3295   1         1          OK          
3296   1         0          OK          
3297   1         0          OK          
3298   1         0          OK          
3299   1         0          OK          
3300   1         0          OK          
3301   1         0          OK          
3302   1         0          OK          
3303   1         0          OK          
3304   1         0          OK          
3305   1         0          OK          
3306   1         0          OK          
3307   1         0          OK          
3308   1         0          OK          
3309   1         0          OK          
3310   1         0          OK          
3311   1         0          OK          
3312   1         0          OK          
3313   1         0          OK          
3314   1         0          OK          
3315   1         0          OK          
3316   1         1          OK          
3317   1         1          OK          
3318   1         0          OK          
3319   1         0          OK          
3320   1         0          OK          
3321   1         0          OK          
3322   1         0          OK          
3323   1         0          OK          
3324   1         0          OK          
3325   1         0          OK          
3326   1         0          OK          
3327   1         0          OK          
3328   1         0          OK          
3329   1         0          OK          
3330   1         0          OK          
3331   1         0          OK          
3332   1         0          OK          
3333   1         0          OK          
3334   1         0          OK          
3335   1         0          OK          
3336   1         0          OK          
3337   1         0          OK          
3338   1         1          OK          
3339   1         1          OK          
3340   1         0          OK          
3341   1         0          OK          
3342   1         0          OK          
3343   1         0          OK          
3344   1         0          OK          
3345   1         0          OK          
3346   1         0          OK          
3347   1         0          OK          
3348   1         0          OK          
3349   1         0          OK          
3350   1         1          OK          
3351   1         1          OK          
3352   1         0          OK          
3353   1         0          OK          
3354   1         1          OK          
3355   1         1          OK          
3356   1         0          OK          
3357   1         0          OK          
3358   1         0          OK          
3359   1         0          OK          
3360   1         0          OK          
3361   1         0          OK          
3362   1         0          OK          
3363   1         0          OK          
3364   1         0          OK          
3365   1         0          OK          
3366   1         0          OK          
3367   1         0          OK          
3368   1         1          OK          
3369   1         0          OK          
3370   1         0          OK          
3371   1         0          OK          
3372   1         0          OK          
3373   1         0          OK          
3374   1         0          OK          
3375   1         1          OK          
3376   1         0          OK          
3377   1         0          OK          
3378   1         1          OK          
3379   1         0          OK          
3380   1         0          OK          
3381   1         0          OK          
3382   1         1          OK          
3383   1         1          OK          
3384   1         0          OK          
3385   1         0          OK          
3386   1         0          OK          
3387   1         0          OK          
3388   1         0          OK          
3389   1         0          OK          
3390   1         0          OK          
3391   1         0          OK          
3392   1         0          OK          
3393   1         0          OK          
3394   1         0          OK          
3395   1         0          OK          
3396   1         0          OK          
3397   1         0          OK          
3398   1         0          OK          
3399   1         0          OK          
3400   1         0          OK          
3401   1         0          OK          
3402   1         0          OK          
3403   1         0          OK          
3404   1         0          OK          
3405   1         0          OK          
3406   1         0          OK          
3407   1         1          OK          
3408   1         0          OK          
3409   1         0          OK          
3410   1         1          OK          
3411   1         1          OK          
3412   1         0          OK          
3413   1         0          OK          
3414   1         1          OK          
3415   1         1          OK          
3416   1         0          OK          
3417   1         0          OK          
3418   1         0          OK          
3419   1         0          OK          
3420   1         0          OK          
3421   1         0          OK          
3422   1         0          OK          
3423   1         0          OK          
3424   1         0          OK          
3425   1         0          OK          
3426   1         0          OK          
3427   1         0          OK          
3428   1         0          OK          
3429   1         0          OK          
3430   1         1          OK          
3431   1         1          OK          
3432   1         0          OK          
3433   1         0          OK          
3434   1         1          OK          
3435   1         0          OK          
3436   1         0          OK          
3437   1         0          OK          
3438   1         0          OK          
3439   1         0          OK          
3440   1         0          OK          
3441   1         0          OK          
3442   1         0          OK          
3443   1         0          OK          
3444   1         0          OK          
3445   1         0          OK          
3446   1         0          OK          
3447   1         0          OK          
3448   1         0          OK          
3449   1         0          OK          
3450   1         1          OK          
3451   1         1          OK          
3452   1         0          OK          
3453   1         0          OK          
3454   1         0          OK          
3455   1         0          OK          
3456   1         0          OK          
3457   1         0          OK          
3458   1         0          OK          
3459   1         0          OK          
3460   1         0          OK          
3461   1         0          OK          
3462   1         0          OK          
3463   1         1          OK          
3464   1         1          OK          
3465   1         0          OK          
3466   1         0          OK          
3467   1         0          OK          
3468   1         0          OK          
3469   1         0          OK          
3470   1         0          OK          
3471   1         0          OK          
3472   1         0          OK          
3473   1         1          OK          
3474   1         0          OK          
3475   1         0          OK          
3476   1         0          OK          
3477   1         0          OK          
3478   1         0          OK          
3479   1         0          OK          
3480   1         0          OK          
3481   1         0          OK          
3482   1         0          OK          
3483   1         0          OK          
3484   1         0          OK          
3485   1         0          OK          
3486   1         0          OK          
3487   1         0          OK          
3488   1         0          OK          
3489   1         0          OK          
3490   1         0          OK          
3491   1         0          OK          
3492   1         0          OK          
3493   1         0          OK          
3494   1         0          OK          
3495   1         0          OK          
3496   1         0          OK          
3497   1         0          OK          
3498   1         0          OK          
3499   1         0          OK          
3500   1         0          OK          
3501   1         0          OK          
3502   1         0          OK          
3503   1         0          OK          
3504   1         0          OK          
3505   1         0          OK          
3506   1         0          OK          
3507   1         0          OK          
3508   1         0          OK          
3509   1         0          OK          
3510   1         0          OK          
3511   1         0          OK          
3512   1         0          OK          
3513   1         0          OK          
3514   1         0          OK          
3515   1         0          OK          
3516   1         0          OK          
3517   1         0          OK          
3518   1         0          OK          
3519   1         0          OK          
3520   1         0          OK          
3521   1         0          OK          
3522   1         0          OK          
3523   1         0          OK          
3524   1         0          OK          
3525   1         0          OK          
3526   1         0          OK          
3527   1         0          OK          
3528   1         0          OK          
3529   1         0          OK          
3530   1         0          OK          
3531   1         0          OK          
3532   1         0          OK          
3533   1         0          OK          
3534   1         0          OK          
3535   1         0          OK          
3536   1         0          OK          
3537   1         0          OK          
3538   1         0          OK          
3539   1         0          OK          
3540   1         0          OK          
3541   1         0          OK          
3542   1         0          OK          
3543   1         0          OK          
3544   1         1          OK          
3545   1         1          OK          
3546   1         0          OK          
3547   1         0          OK          
3548   1         1          OK          
3549   1         1          OK          
3550   1         0          OK          
3551   1         0          OK          
3552   1         0          OK          
3553   1         0          OK          
3554   1         0          OK          
3555   1         0          OK          
3556   1         0          OK          
3557   1         0          OK          
3558   1         0          OK          
3559   1         0          OK          
3560   1         0          OK          
3561   1         0          OK          
3562   1         0          OK          
3563   1         0          OK          
3564   1         0          OK          
3565   1         0          OK          
3566   1         0          OK          
3567   1         0          OK          
3568   1         0          OK          
3569   1         0          OK          
3570   1         0          OK          
3571   1         0          OK          
3572   1         0          OK          
3573   1         0          OK          
3574   1         0          OK          
3575   1         0          OK          
3576   1         1          OK          
3577   1         1          OK          
3578   1         0          OK          
3579   1         0          OK          
3580   1         0          OK          
3581   1         0          OK          
3582   1         0          OK          
3583   1         0          OK          
3584   1         0          OK          
3585   1         0          OK          
3586   1         0          OK          
3587   1         0          OK          
3588   1         0          OK          
3589   1         0          OK          
3590   1         0          OK          
3591   1         0          OK          
3592   1         0          OK          
3593   1         0          OK          
3594   1         0          OK          
3595   1         0          OK          
3596   1         0          OK          
3597   1         0          OK          
3598   1         0          OK          
3599   1         0          OK          
3600   1         0          OK          
3601   1         0          OK          
3602   1         0          OK          
3603   1         0          OK          
3604   1         0          OK          
3605   1         0          OK          
3606   1         0          OK          
3607   1         0          OK          
3608   1         0          OK          
3609   1         0          OK          
3610   1         0          OK          
3611   1         0          OK          
3612   1         0          OK          
3613   1         0          OK          
3614   1         0          OK          
3615   1         0          OK          
3616   1         0          OK          
3617   1         0          OK          
3618   1         0          OK          
3619   1         0          OK          
3620   1         0          OK          
3621   1         0          OK          
3622   1         0          OK          
3623   1         0          OK          
3624   1         0          OK          
3625   1         0          OK          
3626   1         0          OK          
3627   1         0          OK          
3628   1         0          OK          
3629   1         0          OK          
3630   1         0          OK          
3631   1         0          OK          
3632   1         0          OK          
3633   1         0          OK          
3634   1         1          OK          
3635   1         0          OK          
3636   1         0          OK          
3637   1         0          OK          
3638   1         0          OK          
3639   1         0          OK          
3640   1         0          OK          
3641   1         0          OK          
3642   1         0          OK          
3643   1         0          OK          
3644   1         0          OK          
3645   1         0          OK          
3646   1         0          OK          
3647   1         0          OK          
3648   1         0          OK          
3649   1         0          OK          
3650   1         0          OK          
3651   1         0          OK          
3652   1         0          OK          
3653   1         0          OK          
3654   1         0          OK          
3655   1         0          OK          
3656   1         0          OK          
3657   1         0          OK          
3658   1         0          OK          
3659   1         0          OK          
3660   1         0          OK          
3661   1         0          OK          
3662   1         0          OK          
3663   1         0          OK          
3664   1         0          OK          
3665   1         0          OK          
3666   1         0          OK          
3667   1         0          OK          
3668   1         0          OK          
3669   1         0          OK          
3670   1         0          OK          
3671   1         0          OK          
3672   1         0          OK          
3673   1         0          OK          
3674   1         0          OK          
3675   1         0          OK          
3676   1         0          OK          
3677   1         0          OK          
3678   1         1          OK          
3679   1         1          OK          
3680   1         0          OK          
3681   1         0          OK          
3682   1         0          OK          
3683   1         0          OK          
3684   1         0          OK          
3685   1         0          OK          
3686   1         0          OK          
3687   1         0          OK          
3688   1         0          OK          
3689   1         0          OK          
3690   1         0          OK          
3691   1         0          OK          
3692   1         0          OK          
3693   1         0          OK          
3694   1         0          OK          
3695   1         0          OK          
3696   1         0          OK          
3697   1         0          OK          
3698   1         0          OK          
3699   1         0          OK          
3700   1         0          OK          
3701   1         0          OK          
3702   1         0          OK          
3703   1         0          OK          
3704   1         0          OK          
3705   1         0          OK          
3706   1         0          OK          
3707   1         0          OK          
3708   1         0          OK          
3709   1         0          OK          
3710   1         0          OK          
3711   1         0          OK          
3712   1         0          OK          
3713   1         0          OK          
3714   1         0          OK          
3715   1         0          OK          
3716   1         0          OK          
3717   1         0          OK          
3718   1         0          OK          
3719   1         0          OK          
3720   1         0          OK          
3721   1         1          OK          
3722   1         0          OK          
3723   1         0          OK          
3724   1         0          OK          
3725   1         0          OK          
3726   1         0          OK          
3727   1         0          OK          
3728   1         0          OK          
3729   1         0          OK          
3730   1         0          OK          
3731   1         0          OK          
3732   1         0          OK          
3733   1         0          OK          
3734   1         0          OK          
3735   1         0          OK          
3736   1         0          OK          
3737   1         0          OK          
3738   1         0          OK          
3739   1         0          OK          
3740   1         0          OK          
3741   1         1          OK          
3742   1         1          OK          
3743   1         1          OK          
3744   1         0          OK          
3745   1         0          OK          
3746   1         0          OK          
3747   1         0          OK          
3748   1         0          OK          
3749   1         0          OK          
3750   1         0          OK          
3751   1         0          OK          
3752   1         0          OK          
3753   1         0          OK          
3754   1         0          OK          
3755   1         0          OK          
3756   1         0          OK          
3757   1         0          OK          
3758   1         0          OK          
3759   1         0          OK          
3760   1         0          OK          
3761   1         0          OK          
3762   1         0          OK          
3763   1         0          OK          
3764   1         1          OK          
3765   1         1          OK          
3766   1         0          OK          
3767   1         0          OK          
3768   1         0          OK          
3769   1         0          OK          
3770   1         0          OK          
3771   1         0          OK          
3772   1         0          OK          
3773   1         0          OK          
3774   1         0          OK          
3775   1         0          OK          
3776   1         0          OK          
3777   1         0          OK          
3778   1         0          OK          
3779   1         1          OK          
3780   1         0          OK          
3781   1         0          OK          
3782   1         0          OK          
3783   1         0          OK          
3784   1         0          OK          
3785   1         0          OK          
3786   1         0          OK          
3787   1         0          OK          
3788   1         1          OK          
3789   1         1          OK          
3790   1         0          OK          
3791   1         0          OK          
3792   1         0          OK          
3793   1         0          OK          
3794   1         0          OK          
3795   1         0          OK          
3796   1         0          OK          
3797   1         0          OK          
3798   1         0          OK          
3799   1         0          OK          
3800   1         0          OK          
3801   1         0          OK          
3802   1         0          OK          
3803   1         0          OK          
3804   1         0          OK          
3805   1         0          OK          
3806   1         0          OK          
3807   1         0          OK          
3808   1         0          OK          
3809   1         0          OK          
3810   1         0          OK          
3811   1         0          OK          
3812   1         0          OK          
3813   1         0          OK          
3814   1         0          OK          
3815   1         0          OK          
3816   1         0          OK          
3817   1         0          OK          
3818   1         0          OK          
3819   1         0          OK          
3820   1         0          OK          
3821   1         0          OK          
3822   1         0          OK          
3823   1         0          OK          
3824   1         0          OK          
3825   1         0          OK          
3826   1         0          OK          
3827   1         0          OK          
3828   1         0          OK          
3829   1         0          OK          
3830   1         0          OK          
3831   1         0          OK          
3832   1         0          OK          
3833   1         0          OK          
3834   1         0          OK          
3835   1         0          OK          
3836   1         0          OK          
3837   1         0          OK          
3838   1         0          OK          
3839   1         0          OK          
3840   1         0          OK          
3841   1         0          OK          
3842   1         0          OK          
3843   1         0          OK          
3844   1         0          OK          
3845   1         0          OK          
3846   1         0          OK          
3847   1         0          OK          
3848   1         1          OK          
3849   1         0          OK          
3850   1         0          OK          
3851   1         0          OK          
3852   1         1          OK          
3853   1         0          OK          
3854   1         0          OK          
3855   1         0          OK          
3856   1         0          OK          
3857   1         0          OK          
3858   1         0          OK          
3859   1         0          OK          
3860   1         0          OK          
3861   1         0          OK          
3862   1         0          OK          
3863   1         0          OK          
3864   1         0          OK          
3865   1         0          OK          
3866   1         0          OK          
3867   1         0          OK          
3868   1         1          OK          
3869   1         1          OK          
3870   1         0          OK          
3871   1         0          OK          
3872   1         0          OK          
3873   1         0          OK          
3874   1         0          OK          
3875   1         0          OK          
3876   1         0          OK          
3877   1         0          OK          
3878   1         0          OK          
3879   1         0          OK          
3880   1         0          OK          
3881   1         0          OK          
3882   1         0          OK          
3883   1         0          OK          
3884   1         0          OK          
3885   1         0          OK          
3886   1         1          OK          
3887   1         1          OK          
3888   1         0          OK          
3889   1         0          OK          
3890   1         0          OK          
3891   1         0          OK          
3892   1         0          OK          
3893   1         0          OK          
3894   1         0          OK          
3895   1         0          OK          
3896   1         0          OK          
3897   1         0          OK          
3898   1         1          OK          
3899   1         1          OK          
3900   1         0          OK          
3901   1         0          OK          
3902   1         0          OK          
3903   1         0          OK          
3904   1         0          OK          
3905   1         0          OK          
3906   1         0          OK          
3907   1         0          OK          
3908   1         0          OK          
3909   1         0          OK          
3910   1         0          OK          
3911   1         0          OK          
3912   1         0          OK          
3913   1         0          OK          
3914   1         0          OK          
3915   1         0          OK          
3916   1         0          OK          
3917   1         0          OK          
3918   1         0          OK          
3919   1         0          OK          
3920   1         0          OK          
3921   1         0          OK          
3922   1         0          OK          
3923   1         0          OK          
3924   1         0          OK          
3925   1         0          OK          
3926   1         0          OK          
3927   1         0          OK          
3928   1         0          OK          
3929   1         0          OK          
3930   1         1          OK          
3931   1         1          OK          
3932   1         0          OK          
3933   1         0          OK          
3934   1         0          OK          
3935   1         0          OK          
3936   1         0          OK          
3937   1         0          OK          
3938   1         0          OK          
3939   1         0          OK          
3940   1         0          OK          
3941   1         0          OK          
3942   1         0          OK          
3943   1         0          OK          
3944   1         0          OK          
3945   1         0          OK          
3946   1         0          OK          
3947   1         0          OK          
3948   1         0          OK          
3949   1         0          OK          
3950   1         0          OK          
3951   1         0          OK          
3952   1         0          OK          
3953   1         0          OK          
3954   1         0          OK          
3955   1         0          OK          
3956   1         0          OK          
3957   1         0          OK          
3958   1         0          OK          
3959   1         0          OK          
3960   1         0          OK          
3961   1         0          OK          
3962   1         0          OK          
3963   1         0          OK          
3964   1         0          OK          
3965   1         0          OK          
3966   1         0          OK          
3967   1         0          OK          
3968   1         0          OK          
3969   1         0          OK          
3970   1         0          OK          
3971   1         0          OK          
3972   1         0          OK          
3973   1         0          OK          
3974   1         0          OK          
3975   1         0          OK          
3976   1         0          OK          
3977   1         0          OK          
3978   1         0          OK          
3979   1         0          OK          
3980   1         0          OK          
3981   1         0          OK          
3982   1         0          OK          
3983   1         0          OK          
3984   1         0          OK          
3985   1         0          OK          
3986   1         0          OK          
3987   1         0          OK          
3988   1         0          OK          
3989   1         0          OK          
3990   1         0          OK          
3991   1         0          OK          
3992   1         0          OK          
3993   1         0          OK          
3994   1         0          OK          
3995   1         0          OK          
3996   1         0          OK          
3997   1         0          OK          
3998   1         0          OK          
3999   1         0          OK          
4000   1         0          OK          
4001   1         0          OK          
4002   1         0          OK          
4003   1         0          OK          
4004   1         0          OK          
4005   1         0          OK          
4006   1         0          OK          
4007   1         0          OK          
4008   1         0          OK          
4009   1         0          OK          
4010   1         0          OK          
4011   1         0          OK          
4012   1         0          OK          
4013   1         0          OK          
4014   1         0          OK          
4015   1         0          OK          
4016   1         0          OK          
4017   1         0          OK          
4018   1         0          OK          
4019   1         0          OK          
4020   1         0          OK          
4021   1         0          OK          
4022   1         0          OK          
4023   1         0          OK          
4024   1         0          OK          
4025   1         0          OK          
4026   1         0          OK          
4027   1         0          OK          
4028   1         0          OK          
4029   1         0          OK          
4030   1         0          OK          
4031   1         0          OK          
4032   1         0          OK          
4033   1         0          OK          
4034   1         0          OK          
4035   1         0          OK          
4036   1         0          OK          
4037   1         0          OK          
4038   1         0          OK          
4039   1         0          OK          
4040   1         1          OK          
4041   1         0          OK          
4042   1         0          OK          
4043   1         0          OK          
4044   1         0          OK          
4045   1         0          OK          
4046   1         0          OK          
4047   1         0          OK          
4048   1         0          OK          
4049   1         0          OK          
4050   1         0          OK          
4051   1         0          OK          
4052   1         0          OK          
4053   1         0          OK          
4054   1         0          OK          
4055   1         0          OK          
4056   1         0          OK          
4057   1         0          OK          
4058   1         0          OK          
4059   1         0          OK          
4060   1         0          OK          
4061   1         0          OK          
4062   1         0          OK          
4063   1         0          OK          
4064   1         0          OK          
4065   1         0          OK          
4066   1         0          OK          
4067   1         0          OK          
4068   1         0          OK          
4069   1         0          OK          
4070   1         0          OK          
4071   1         0          OK          
4072   1         0          OK          
4073   1         0          OK          
4074   1         0          OK          
4075   1         0          OK          
4076   1         0          OK          
4077   1         1          OK          
4078   1         0          OK          
4079   1         0          OK          
4080   1         0          OK          
4081   1         0          OK          
4082   1         0          OK          
4083   1         0          OK          
4084   1         0          OK          
4085   1         0          OK          
4086   1         0          OK          
4087   1         0          OK          
4088   1         0          OK          
4089   1         0          OK          
4090   1         0          OK          
4091   1         0          OK          
4092   1         0          OK          
4093   1         0          OK          
4094   1         0          OK          
4095   1         0          OK          
4096   1         0          OK          
4097   1         0          OK          
4098   1         0          OK          
4099   1         0          OK          
4100   1         0          OK          
4101   1         0          OK          
4102   1         0          OK          
4103   1         0          OK          
4104   1         0          OK          
4105   1         0          OK          
4106   1         0          OK          
4107   1         0          OK          
4108   1         0          OK          
4109   1         0          OK          
4110   1         0          OK          
4111   1         0          OK          
4112   1         0          OK          
4113   1         0          OK          
4114   1         0          OK          
4115   1         0          OK          
4116   1         0          OK          
4117   1         0          OK          
4118   1         0          OK          
4119   1         0          OK          
4120   1         0          OK          
4121   1         0          OK          
4122   1         0          OK          
4123   1         0          OK          
4124   1         0          OK          
4125   1         0          OK          
4126   1         0          OK          
4127   1         0          OK          
4128   1         0          OK          
4129   1         0          OK          
4130   1         0          OK          
4131   1         0          OK          
4132   1         0          OK          
4133   1         0          OK          
4134   1         0          OK          
4135   1         0          OK          
4136   1         0          OK          
4137   1         0          OK          
4138   1         0          OK          
4139   1         0          OK          
4140   1         0          OK          
4141   1         0          OK          
4142   1         0          OK          
4143   1         0          OK          
4144   1         0          OK          
4145   1         0          OK          
4146   1         0          OK          
4147   1         0          OK          
4148   1         0          OK          
4149   1         0          OK          
4150   1         0          OK          
4151   1         0          OK          
4152   1         1          OK          
4153   1         1          OK          
4154   1         0          OK          
4155   1         0          OK          
4156   1         1          OK          
4157   1         1          OK          
4158   1         0          OK          
4159   1         0          OK          
4160   1         1          OK          
4161   1         1          OK          
4162   1         0          OK          
4163   1         0          OK          
4164   1         0          OK          
4165   1         0          OK          
4166   1         0          OK          
4167   1         0          OK          
4168   1         0          OK          
4169   1         0          OK          
4170   1         0          OK          
4171   1         0          OK          
4172   1         0          OK          
4173   1         0          OK          
4174   1         0          OK          
4175   1         0          OK          
4176   1         0          OK          
4177   1         0          OK          
4178   1         0          OK          
4179   1         0          OK          
4180   1         0          OK          
4181   1         0          OK          
4182   1         0          OK          
4183   1         0          OK          
4184   1         0          OK          
4185   1         0          OK          
4186   1         1          OK          
4187   1         1          OK          
4188   1         0          OK          
4189   1         0          OK          
4190   1         0          OK          
4191   1         0          OK          
4192   1         0          OK          
4193   1         0          OK          
4194   1         0          OK          
4195   1         0          OK          
4196   1         0          OK          
4197   1         0          OK          
4198   1         0          OK          
4199   1         0          OK          
4200   1         0          OK          
4201   1         0          OK          
4202   1         0          OK          
4203   1         0          OK          
4204   1         0          OK          
4205   1         0          OK          
4206   1         0          OK          
4207   1         0          OK          
4208   1         0          OK          
4209   1         0          OK          
4210   1         1          OK          
4211   1         0          OK          
4212   1         0          OK          
4213   1         0          OK          
4214   1         0          OK          
4215   1         0          OK          
4216   1         0          OK          
4217   1         0          OK          
4218   1         0          OK          
4219   1         0          OK          
4220   1         0          OK          
4221   1         0          OK          
4222   1         0          OK          
4223   1         0          OK          
4224   1         0          OK          
4225   1         0          OK          
4226   1         0          OK          
4227   1         0          OK          
4228   1         0          OK          
4229   1         0          OK          
4230   1         0          OK          
4231   1         0          OK          
4232   1         0          OK          
4233   1         0          OK          
4234   1         0          OK          
4235   1         0          OK          
4236   1         0          OK          
4237   1         0          OK          
4238   1         0          OK          
4239   1         0          OK          
4240   1         0          OK          
4241   1         0          OK          
4242   1         0          OK          
4243   1         0          OK          
4244   1         0          OK          
4245   1         0          OK          
4246   1         0          OK          
4247   1         0          OK          
4248   1         0          OK          
4249   1         0          OK          
4250   1         0          OK          
4251   1         0          OK          
4252   1         0          OK          
4253   1         0          OK          
4254   1         0          OK          
4255   1         0          OK          
4256   1         0          OK          
4257   1         0          OK          
4258   1         0          OK          
4259   1         0          OK          
4260   1         0          OK          
4261   1         0          OK          
4262   1         0          OK          
4263   1         0          OK          
4264   1         0          OK          
4265   1         0          OK          
4266   1         0          OK          
4267   1         0          OK          
4268   1         0          OK          
4269   1         0          OK          
4270   1         1          OK          
4271   1         1          OK          
4272   1         0          OK          
4273   1         0          OK          
4274   1         1          OK          
4275   1         1          OK          
4276   1         0          OK          
4277   1         0          OK          
4278   1         1          OK          
4279   1         1          OK          
4280   1         0          OK          
4281   1         0          OK          
4282   1         1          OK          
4283   1         0          OK          
4284   1         0          OK          
4285   1         0          OK          
4286   1         0          OK          
4287   1         0          OK          
4288   1         0          OK          
4289   1         0          OK          
4290   1         0          OK          
4291   1         0          OK          
4292   1         0          OK          
4293   1         0          OK          
4294   1         0          OK          
4295   1         0          OK          
4296   1         0          OK          
4297   1         0          OK          
4298   1         0          OK          
4299   1         0          OK          
4300   1         0          OK          
4301   1         0          OK          
4302   1         0          OK          
4303   1         0          OK          
4304   1         1          OK          
4305   1         1          OK          
4306   1         0          OK          
4307   1         0          OK          
4308   1         0          OK          
4309   1         0          OK          
4310   1         0          OK          
4311   1         0          OK          
4312   1         1          OK          
4313   1         0          OK          
4314   1         0          OK          
4315   1         0          OK          
4316   1         0          OK          
4317   1         0          OK          
4318   1         0          OK          
4319   1         0          OK          
4320   1         1          OK          
4321   1         1          OK          
4322   1         0          OK          
4323   1         0          OK          
4324   1         0          OK          
4325   1         0          OK          
4326   1         0          OK          
4327   1         0          OK          
4328   1         0          OK          
4329   1         0          OK          
4330   1         0          OK          
4331   1         0          OK          
4332   1         0          OK          
4333   1         0          OK          
4334   1         0          OK          
4335   1         0          OK          
4336   1         0          OK          
4337   1         0          OK          
4338   1         0          OK          
4339   1         0          OK          
4340   1         0          OK          
4341   1         0          OK          
4342   1         0          OK          
4343   1         0          OK          
4344   1         0          OK          
4345   1         0          OK          
4346   1         0          OK          
4347   1         0          OK          
4348   1         0          OK          
4349   1         0          OK          
4350   1         0          OK          
4351   1         0          OK          
4352   1         0          OK          
4353   1         0          OK          
4354   1         0          OK          
4355   1         0          OK          
4356   1         1          OK          
4357   1         1          OK          
4358   1         0          OK          
4359   1         0          OK          
4360   1         0          OK          
4361   1         0          OK          
4362   1         0          OK          
4363   1         0          OK          
4364   1         0          OK          
4365   1         0          OK          
4366   1         0          OK          
4367   1         0          OK          
4368   1         0          OK          
4369   1         0          OK          
4370   1         0          OK          
4371   1         0          OK          
4372   1         0          OK          
4373   1         0          OK          
4374   1         0          OK          
4375   1         0          OK          
4376   1         0          OK          
4377   1         0          OK          
4378   1         0          OK          
4379   1         0          OK          
4380   1         0          OK          
4381   1         0          OK          
4382   1         0          OK          
4383   1         0          OK          
4384   1         0          OK          
4385   1         0          OK          
4386   1         0          OK          
4387   1         0          OK          
4388   1         0          OK          
4389   1         0          OK          
4390   1         0          OK          
4391   1         0          OK          
4392   1         0          OK          
4393   1         0          OK          
4394   1         0          OK          
4395   1         0          OK          
4396   1         0          OK          
4397   1         0          OK          
4398   1         0          OK          
4399   1         0          OK          
4400   1         0          OK          
4401   1         0          OK          
4402   1         0          OK          
4403   1         0          OK          
4404   1         0          OK          
4405   1         0          OK          
4406   1         0          OK          
4407   1         0          OK          
4408   1         0          OK          
4409   1         0          OK          
4410   1         0          OK          
4411   1         0          OK          
4412   1         0          OK          
4413   1         0          OK          
4414   1         0          OK          
4415   1         0          OK          
4416   1         0          OK          
4417   1         0          OK          
4418   1         0          OK          
4419   1         0          OK          
4420   1         0          OK          
4421   1         0          OK          
4422   1         0          OK          
4423   1         0          OK          
4424   1         0          OK          
4425   1         0          OK          
4426   1         1          OK          
4427   1         1          OK          
4428   1         0          OK          
4429   1         0          OK          
4430   1         0          OK          
4431   1         0          OK          
4432   1         0          OK          
4433   1         0          OK          
4434   1         0          OK          
4435   1         0          OK          
4436   1         0          OK          
4437   1         0          OK          
4438   1         0          OK          
4439   1         0          OK          
4440   1         0          OK          
4441   1         0          OK          
4442   1         0          OK          
4443   1         0          OK          
4444   1         0          OK          
4445   1         0          OK          
4446   1         0          OK          
4447   1         0          OK          
4448   1         0          OK          
4449   1         0          OK          
4450   1         0          OK          
4451   1         0          OK          
4452   1         0          OK          
4453   1         0          OK          
4454   1         0          OK          
4455   1         0          OK          
4456   1         0          OK          
4457   1         0          OK          
4458   1         0          OK          
4459   1         0          OK          
4460   1         0          OK          
4461   1         0          OK          
4462   1         0          OK          
4463   1         0          OK          
4464   1         0          OK          
4465   1         0          OK          
4466   1         0          OK          
4467   1         0          OK          
4468   1         0          OK          
4469   1         0          OK          
4470   1         0          OK          
4471   1         0          OK          
4472   1         0          OK          
4473   1         0          OK          
4474   1         0          OK          
4475   1         0          OK          
4476   1         0          OK          
4477   1         0          OK          
4478   1         0          OK          
4479   1         0          OK          
4480   1         0          OK          
4481   1         0          OK          
4482   1         0          OK          
4483   1         0          OK          
4484   1         0          OK          
4485   1         0          OK          
4486   1         0          OK          
4487   1         0          OK          
4488   1         0          OK          
4489   1         0          OK          
4490   1         0          OK          
4491   1         0          OK          
4492   1         0          OK          
4493   1         0          OK          
4494   1         0          OK          
4495   1         0          OK          
4496   1         0          OK          
4497   1         0          OK          
4498   1         0          OK          
4499   1         0          OK          
4500   1         0          OK          
4501   1         0          OK          
4502   1         0          OK          
4503   1         0          OK          
4504   1         0          OK          
4505   1         0          OK          
4506   1         0          OK          
4507   1         0          OK          
4508   1         0          OK          
4509   1         0          OK          
4510   1         0          OK          
4511   1         0          OK          
4512   1         0          OK          
4513   1         0          OK          
4514   1         0          OK          
4515   1         0          OK          
4516   1         0          OK          
4517   1         0          OK          
4518   1         0          OK          
4519   1         0          OK          
4520   1         0          OK          
4521   1         0          OK          
4522   1         0          OK          
4523   1         0          OK          
4524   1         0          OK          
4525   1         0          OK          
4526   1         1          OK          
4527   1         1          OK          
4528   1         0          OK          
4529   1         0          OK          
4530   1         0          OK          
4531   1         0          OK          
4532   1         0          OK          
4533   1         0          OK          
4534   1         0          OK          
4535   1         0          OK          
4536   1         0          OK          
4537   1         0          OK          
4538   1         0          OK          
4539   1         0          OK          
4540   1         0          OK          
4541   1         0          OK          
4542   1         0          OK          
4543   1         0          OK          
4544   1         0          OK          
4545   1         0          OK          
4546   1         0          OK          
4547   1         0          OK          
4548   1         0          OK          
4549   1         0          OK          
4550   1         0          OK          
4551   1         0          OK          
4552   1         0          OK          
4553   1         0          OK          
4554   1         0          OK          
4555   1         0          OK          
4556   1         0          OK          
4557   1         0          OK          
4558   1         0          OK          
4559   1         0          OK          
4560   1         1          OK          
4561   1         1          OK          
4562   1         0          OK          
4563   1         0          OK          
4564   1         0          OK          
4565   1         0          OK          
4566   1         0          OK          
4567   1         1          OK          
4568   1         0          OK          
4569   1         0          OK          
4570   1         0          OK          
4571   1         0          OK          
4572   1         0          OK          
4573   1         0          OK          
4574   1         1          OK          
4575   1         1          OK          
4576   1         0          OK          
4577   1         0          OK          
4578   1         0          OK          
4579   1         0          OK          
4580   1         0          OK          
4581   1         0          OK          
4582   1         0          OK          
4583   1         0          OK          
4584   1         0          OK          
4585   1         0          OK          
4586   1         0          OK          
4587   1         0          OK          
4588   1         0          OK          
4589   1         0          OK          
4590   1         0          OK          
4591   1         0          OK          
4592   1         0          OK          
4593   1         0          OK          
4594   1         0          OK          
4595   1         0          OK          
4596   1         0          OK          
4597   1         0          OK          
4598   1         0          OK          
4599   1         0          OK          
4600   1         0          OK          
4601   1         0          OK          
4602   1         0          OK          
4603   1         0          OK          
4604   1         0          OK          
4605   1         0          OK          
4606   1         0          OK          
4607   1         0          OK          
4608   1         0          OK          
4609   1         1          OK          
4610   1         0          OK          
4611   1         0          OK          
4612   1         0          OK          
4613   1         0          OK          
4614   1         0          OK          
4615   1         0          OK          
4616   1         0          OK          
4617   1         0          OK          
4618   1         0          OK          
4619   1         0          OK          
4620   1         1          OK          
4621   1         1          OK          
4622   1         0          OK          
4623   1         0          OK          
4624   1         0          OK          
4625   1         0          OK          
4626   1         0          OK          
4627   1         0          OK          
4628   1         0          OK          
4629   1         0          OK          
4630   1         0          OK          
4631   1         0          OK          
4632   1         0          OK          
4633   1         0          OK          
4634   1         0          OK          
4635   1         0          OK          
4636   1         0          OK          
4637   1         0          OK          
4638   1         0          OK          
4639   1         0          OK          
4640   1         0          OK          
4641   1         0          OK          
4642   1         0          OK          
4643   1         0          OK          
4644   1         0          OK          
4645   1         0          OK          
4646   1         0          OK          
4647   1         0          OK          
4648   1         0          OK          
4649   1         0          OK          
4650   1         0          OK          
4651   1         0          OK          
4652   1         0          OK          
4653   1         0          OK          
4654   1         0          OK          
4655   1         1          OK          
4656   1         0          OK          
4657   1         0          OK          
4658   1         0          OK          
4659   1         0          OK          
4660   1         1          OK          
4661   1         1          OK          
4662   1         0          OK          
4663   1         0          OK          
4664   1         0          OK          
4665   1         0          OK          
4666   1         0          OK          
4667   1         0          OK          
4668   1         0          OK          
4669   1         0          OK          
4670   1         0          OK          
4671   1         0          OK          
4672   1         0          OK          
4673   1         0          OK          
4674   1         0          OK          
4675   1         0          OK          
4676   1         0          OK          
4677   1         0          OK          
4678   1         0          OK          
4679   1         0          OK          
4680   1         0          OK          
4681   1         0          OK          
4682   1         0          OK          
4683   1         0          OK          
4684   1         0          OK          
4685   1         0          OK          
4686   1         0          OK          
4687   1         0          OK          
4688   1         0          OK          
4689   1         0          OK          
4690   1         0          OK          
4691   1         0          OK          
4692   1         0          OK          
4693   1         0          OK          
4694   1         0          OK          
4695   1         0          OK          
4696   1         0          OK          
4697   1         0          OK          
4698   1         0          OK          
4699   1         0          OK          
4700   1         0          OK          
4701   1         0          OK          
4702   1         0          OK          
4703   1         0          OK          
4704   1         0          OK          
4705   1         0          OK          
4706   1         0          OK          
4707   1         0          OK          
4708   1         0          OK          
4709   1         0          OK          
4710   1         0          OK          
4711   1         0          OK          
4712   1         0          OK          
4713   1         0          OK          
4714   1         0          OK          
4715   1         0          OK          
4716   1         0          OK          
4717   1         0          OK          
4718   1         0          OK          
4719   1         0          OK          
4720   1         0          OK          
4721   1         0          OK          
4722   1         0          OK          
4723   1         1          OK          
4724   1         0          OK          
4725   1         0          OK          
4726   1         0          OK          
4727   1         0          OK          
4728   1         1          OK          
4729   1         1          OK          
4730   1         0          OK          
4731   1         0          OK          
4732   1         0          OK          
4733   1         0          OK          
4734   1         0          OK          
4735   1         0          OK          
4736   1         1          OK          
4737   1         1          OK          
4738   1         0          OK          
4739   1         0          OK          
4740   1         0          OK          
4741   1         0          OK          
4742   1         0          OK          
4743   1         0          OK          
4744   1         0          OK          
4745   1         0          OK          
4746   1         0          OK          
4747   1         0          OK          
4748   1         0          OK          
4749   1         0          OK          
4750   1         0          OK          
4751   1         0          OK          
4752   1         0          OK          
4753   1         0          OK          
4754   1         0          OK          
4755   1         0          OK          
4756   1         0          OK          
4757   1         0          OK          
4758   1         0          OK          
4759   1         0          OK          
4760   1         0          OK          
4761   1         0          OK          
4762   1         0          OK          
4763   1         0          OK          
4764   1         0          OK          
4765   1         0          OK          
4766   1         0          OK          
4767   1         0          OK          
4768   1         0          OK          
4769   1         0          OK          
4770   1         0          OK          
4771   1         0          OK          
4772   1         0          OK          
4773   1         0          OK          
4774   1         0          OK          
4775   1         0          OK          
4776   1         0          OK          
4777   1         0          OK          
4778   1         0          OK          
4779   1         0          OK          
4780   1         0          OK          
4781   1         0          OK          
4782   1         0          OK          
4783   1         0          OK          
4784   1         0          OK          
4785   1         0          OK          
4786   1         0          OK          
4787   1         0          OK          
4788   1         0          OK          
4789   1         0          OK          
4790   1         0          OK          
4791   1         0          OK          
4792   1         0          OK          
4793   1         0          OK          
4794   1         0          OK          
4795   1         0          OK          
4796   1         0          OK          
4797   1         0          OK          
4798   1         0          OK          
4799   1         0          OK          
4800   1         0          OK          
4801   1         0          OK          
4802   1         0          OK          
4803   1         0          OK          
4804   1         0          OK          
4805   1         0          OK          
4806   1         0          OK          
4807   1         0          OK          
4808   1         0          OK          
4809   1         0          OK          
4810   1         0          OK          
4811   1         0          OK          
4812   1         0          OK          
4813   1         0          OK          
4814   1         0          OK          
4815   1         0          OK          
4816   1         0          OK          
4817   1         0          OK          
4818   1         3          OK          
4819   1         3          OK          
4820   1         0          OK          
4821   1         0          OK          
4822   1         0          OK          
4823   1         0          OK          
4824   1         0          OK          
4825   1         0          OK          
4826   1         0          OK          
4827   1         0          OK          
4828   1         0          OK          
4829   1         0          OK          
4830   1         0          OK          
4831   1         0          OK          
4832   1         0          OK          
4833   1         0          OK          
4834   1         0          OK          
4835   1         0          OK          
4836   1         0          OK          
4837   1         0          OK          
4838   1         0          OK          
4839   1         0          OK          
4840   1         0          OK          
4841   1         0          OK          
4842   1         0          OK          
4843   1         0          OK          
4844   1         0          OK          
4845   1         0          OK          
4846   1         0          OK          
4847   1         0          OK          
4848   1         0          OK          
4849   1         0          OK          
4850   1         1          OK          
4851   1         0          OK          
4852   1         0          OK          
4853   1         0          OK          
4854   1         0          OK          
4855   1         0          OK          
4856   1         1          OK          
4857   1         1          OK          
4858   1         0          OK          
4859   1         0          OK          
4860   1         0          OK          
4861   1         0          OK          
4862   1         0          OK          
4863   1         0          OK          
4864   1         0          OK          
4865   1         0          OK          
4866   1         0          OK          
4867   1         0          OK          
4868   1         0          OK          
4869   1         0          OK          
4870   1         0          OK          
4871   1         0          OK          
4872   1         0          OK          
4873   1         1          OK          
4874   1         0          OK          
4875   1         0          OK          
4876   1         0          OK          
4877   1         0          OK          
4878   1         0          OK          
4879   1         0          OK          
4880   1         0          OK          
4881   1         0          OK          
4882   1         0          OK          
4883   1         0          OK          
4884   1         1          OK          
4885   1         0          OK          
4886   1         0          OK          
4887   1         0          OK          
4888   1         1          OK          
4889   1         0          OK          
4890   1         0          OK          
4891   1         0          OK          
4892   1         0          OK          
4893   1         0          OK          
4894   1         0          OK          
4895   1         0          OK          
4896   1         0          OK          
4897   1         0          OK          
4898   1         0          OK          
4899   1         0          OK          
4900   1         0          OK          
4901   1         0          OK          
4902   1         0          OK          
4903   1         0          OK          
4904   1         0          OK          
4905   1         0          OK          
4906   1         0          OK          
4907   1         0          OK          
4908   1         0          OK          
4909   1         0          OK          
4910   1         0          OK          
4911   1         0          OK          
4912   1         0          OK          
4913   1         0          OK          
4914   1         0          OK          
4915   1         0          OK          
4916   1         0          OK          
4917   1         0          OK          
4918   1         0          OK          
4919   1         0          OK          
4920   1         0          OK          
4921   1         0          OK          
4922   1         0          OK          
4923   1         0          OK          
4924   1         1          OK          
4925   1         1          OK          
4926   1         0          OK          
4927   1         0          OK          
4928   1         0          OK          
4929   1         0          OK          
4930   1         0          OK          
4931   1         0          OK          
4932   1         0          OK          
4933   1         0          OK          
4934   1         0          OK          
4935   1         1          OK          
4936   1         0          OK          
4937   1         0          OK          
4938   1         0          OK          
4939   1         0          OK          
4940   1         0          OK          
4941   1         0          OK          
4942   1         0          OK          
4943   1         0          OK          
4944   1         0          OK          
4945   1         0          OK          
4946   1         0          OK          
4947   1         0          OK          
4948   1         0          OK          
4949   1         0          OK          
4950   1         0          OK          
4951   1         0          OK          
4952   1         0          OK          
4953   1         0          OK          
4954   1         0          OK          
4955   1         0          OK          
4956   1         0          OK          
4957   1         0          OK          
4958   1         0          OK          
4959   1         0          OK          
4960   1         0          OK          
4961   1         0          OK          
4962   1         0          OK          
4963   1         0          OK          
4964   1         0          OK          
4965   1         0          OK          
4966   1         0          OK          
4967   1         0          OK          
4968   1         1          OK          
4969   1         0          OK          
4970   1         0          OK          
4971   1         0          OK          
4972   1         0          OK          
4973   1         0          OK          
4974   1         0          OK          
4975   1         0          OK          
4976   1         0          OK          
4977   1         0          OK          
4978   1         0          OK          
4979   1         0          OK          
4980   1         0          OK          
4981   1         0          OK          
4982   1         0          OK          
4983   1         0          OK          
4984   1         0          OK          
4985   1         0          OK          
4986   1         0          OK          
4987   1         0          OK          
4988   1         0          OK          
4989   1         0          OK          
4990   1         0          OK          
4991   1         0          OK          
4992   1         1          OK          
4993   1         0          OK          
4994   1         0          OK          
4995   1         0          OK          
4996   1         0          OK          
4997   1         0          OK          
4998   1         0          OK          
4999   1         0          OK          
5000   1         0          OK          
5001   1         0          OK          
5002   1         0          OK          
5003   1         0          OK          
5004   1         0          OK          
5005   1         0          OK          
5006   1         0          OK          
5007   1         0          OK          
5008   1         0          OK          
5009   1         0          OK          
5010   1         0          OK          
5011   1         0          OK          
5012   1         0          OK          
5013   1         0          OK          
5014   1         0          OK          
5015   1         0          OK          
5016   1         0          OK          
5017   1         0          OK          
5018   1         0          OK          
5019   1         0          OK          
5020   1         1          OK          
5021   1         1          OK          
5022   1         0          OK          
5023   1         0          OK          
5024   1         0          OK          
5025   1         0          OK          
5026   1         0          OK          
5027   1         0          OK          
5028   1         0          OK          
5029   1         0          OK          
5030   1         0          OK          
5031   1         0          OK          
5032   1         0          OK          
5033   1         0          OK          
5034   1         0          OK          
5035   1         0          OK          
5036   1         0          OK          
5037   1         0          OK          
5038   1         0          OK          
5039   1         0          OK          
5040   1         0          OK          
5041   1         0          OK          
5042   1         0          OK          
5043   1         0          OK          
5044   1         0          OK          
5045   1         0          OK          
5046   1         0          OK          
5047   1         0          OK          
5048   1         0          OK          
5049   1         0          OK          
5050   1         0          OK          
5051   1         0          OK          
5052   1         0          OK          
5053   1         0          OK          
5054   1         0          OK          
5055   1         0          OK          
5056   1         0          OK          
5057   1         0          OK          
5058   1         0          OK          
5059   1         0          OK          
5060   1         0          OK          
5061   1         0          OK          
5062   1         0          OK          
5063   1         0          OK          
5064   1         0          OK          
5065   1         0          OK          
5066   1         0          OK          
5067   1         0          OK          
5068   1         0          OK          
5069   1         0          OK          
5070   1         0          OK          
5071   1         0          OK          
5072   1         0          OK          
5073   1         0          OK          
5074   1         0          OK          
5075   1         0          OK          
5076   1         0          OK          
5077   1         0          OK          
5078   1         0          OK          
5079   1         0          OK          
5080   1         0          OK          
5081   1         0          OK          
5082   1         0          OK          
5083   1         0          OK          
5084   1         0          OK          
5085   1         0          OK          
5086   1         0          OK          
5087   1         0          OK          
5088   1         0          OK          
5089   1         0          OK          
5090   1         0          OK          
5091   1         0          OK          
5092   1         0          OK          
5093   1         0          OK          
5094   1         0          OK          
5095   1         0          OK          
5096   1         0          OK          
5097   1         0          OK          
5098   1         0          OK          
5099   1         0          OK          
5100   1         0          OK          
5101   1         0          OK          
5102   1         0          OK          
5103   1         0          OK          
5104   1         0          OK          
5105   1         0          OK          
5106   1         0          OK          
5107   1         0          OK          
5108   1         0          OK          
5109   1         0          OK          
5110   1         0          OK          
5111   1         0          OK          
5112   1         0          OK          
5113   1         0          OK          
5114   1         0          OK          
5115   1         0          OK          
5116   1         0          OK          
5117   1         0          OK          
5118   1         0          OK          
5119   1         0          OK          
5120   1         0          OK          
5121   1         0          OK          
5122   1         0          OK          
5123   1         0          OK          
5124   1         0          OK          
5125   1         0          OK          
5126   1         0          OK          
5127   1         0          OK          
5128   1         0          OK          
5129   1         0          OK          
5130   1         0          OK          
5131   1         0          OK          
5132   1         0          OK          
5133   1         0          OK          
5134   1         1          OK          
5135   1         1          OK          
5136   1         0          OK          
5137   1         0          OK          
5138   1         0          OK          
5139   1         0          OK          
5140   1         0          OK          
5141   1         0          OK          
5142   1         0          OK          
5143   1         0          OK          
5144   1         0          OK          
5145   1         0          OK          
5146   1         0          OK          
5147   1         0          OK          
5148   1         0          OK          
5149   1         0          OK          
5150   1         0          OK          
5151   1         0          OK          
5152   1         1          OK          
5153   1         0          OK          
5154   1         0          OK          
5155   1         0          OK          
5156   1         0          OK          
5157   1         0          OK          
5158   1         0          OK          
5159   1         0          OK          
5160   1         0          OK          
5161   1         0          OK          
5162   1         0          OK          
5163   1         0          OK          
5164   1         0          OK          
5165   1         0          OK          
5166   1         0          OK          
5167   1         0          OK          
5168   1         0          OK          
5169   1         0          OK          
5170   1         0          OK          
5171   1         0          OK          
5172   1         0          OK          
5173   1         0          OK          
5174   1         0          OK          
5175   1         0          OK          
5176   1         0          OK          
5177   1         0          OK          
5178   1         0          OK          
5179   1         0          OK          
5180   1         1          OK          
5181   1         1          OK          
5182   1         0          OK          
5183   1         0          OK          
5184   1         0          OK          
5185   1         0          OK          
5186   1         0          OK          
5187   1         0          OK          
5188   1         0          OK          
5189   1         0          OK          
5190   1         0          OK          
5191   1         0          OK          
5192   1         0          OK          
5193   1         0          OK          
5194   1         0          OK          
5195   1         0          OK          
5196   1         0          OK          
5197   1         0          OK          
5198   1         0          OK          
5199   1         1          OK          
5200   1         0          OK          
5201   1         0          OK          
5202   1         0          OK          
5203   1         0          OK          
5204   1         0          OK          
5205   1         0          OK          
5206   1         0          OK          
5207   1         0          OK          
5208   1         0          OK          
5209   1         0          OK          
5210   1         0          OK          
5211   1         0          OK          
5212   1         0          OK          
5213   1         0          OK          
5214   1         0          OK          
5215   1         0          OK          
5216   1         0          OK          
5217   1         1          OK          
5218   1         0          OK          
5219   1         0          OK          
5220   1         0          OK          
5221   1         1          OK          
5222   1         0          OK          
5223   1         0          OK          
5224   1         1          OK          
5225   1         0          OK          
5226   1         0          OK          
5227   1         0          OK          
5228   1         0          OK          
5229   1         0          OK          
5230   1         0          OK          
5231   1         0          OK          
5232   1         0          OK          
5233   1         0          OK          
5234   1         0          OK          
5235   1         0          OK          
5236   1         0          OK          
5237   1         0          OK          
5238   1         0          OK          
5239   1         0          OK          
5240   1         0          OK          
5241   1         0          OK          
5242   1         0          OK          
5243   1         0          OK          
5244   1         0          OK          
5245   1         0          OK          
5246   1         0          OK          
5247   1         0          OK          
5248   1         0          OK          
5249   1         0          OK          
5250   1         0          OK          
5251   1         0          OK          
5252   1         0          OK          
5253   1         0          OK          
5254   1         0          OK          
5255   1         0          OK          
5256   1         1          OK          
5257   1         1          OK          
5258   1         0          OK          
5259   1         0          OK          
5260   1         0          OK          
5261   1         0          OK          
5262   1         0          OK          
5263   1         0          OK          
5264   1         1          OK          
5265   1         1          OK          
5266   1         0          OK          
5267   1         0          OK          
5268   1         0          OK          
5269   1         0          OK          
5270   1         0          OK          
5271   1         0          OK          
5272   1         0          OK          
5273   1         0          OK          
5274   1         0          OK          
5275   1         0          OK          
5276   1         0          OK          
5277   1         0          OK          
5278   1         0          OK          
5279   1         0          OK          
5280   1         1          OK          
5281   1         1          OK          
5282   1         0          OK          
5283   1         0          OK          
5284   1         1          OK          
5285   1         1          OK          
5286   1         0          OK          
5287   1         0          OK          
5288   1         0          OK          
5289   1         0          OK          
5290   1         0          OK          
5291   1         0          OK          
5292   1         0          OK          
5293   1         0          OK          
5294   1         0          OK          
5295   1         0          OK          
5296   1         0          OK          
5297   1         0          OK          
5298   1         0          OK          
5299   1         0          OK          
5300   1         0          OK          
5301   1         0          OK          
5302   1         0          OK          
5303   1         0          OK          
5304   1         1          OK          
5305   1         1          OK          
5306   1         0          OK          
5307   1         0          OK          
5308   1         1          OK          
5309   1         1          OK          
5310   1         0          OK          
5311   1         0          OK          
5312   1         0          OK          
5313   1         0          OK          
5314   1         0          OK          
5315   1         0          OK          
5316   1         0          OK          
5317   1         0          OK          
5318   1         0          OK          
5319   1         0          OK          
5320   1         1          OK          
5321   1         1          OK          
5322   1         0          OK          
5323   1         0          OK          
5324   1         0          OK          
5325   1         0          OK          
5326   1         0          OK          
5327   1         0          OK          
5328   1         1          OK          
5329   1         1          OK          
5330   1         0          OK          
5331   1         0          OK          
5332   1         0          OK          
5333   1         0          OK          
5334   1         1          OK          
5335   1         1          OK          
5336   1         0          OK          
5337   1         0          OK          
5338   1         0          OK          
5339   1         0          OK          
5340   1         0          OK          
5341   1         0          OK          
5342   1         0          OK          
5343   1         0          OK          
5344   1         0          OK          
5345   1         0          OK          
5346   1         1          OK          
5347   1         1          OK          
5348   1         0          OK          
5349   1         0          OK          
5350   1         1          OK          
5351   1         1          OK          
5352   1         0          OK          
5353   1         0          OK          
5354   1         0          OK          
5355   1         0          OK          
5356   1         0          OK          
5357   1         0          OK          
5358   1         0          OK          
5359   1         0          OK          
5360   1         0          OK          
5361   1         0          OK          
5362   1         0          OK          
5363   1         0          OK          
5364   1         0          OK          
5365   1         0          OK          
5366   1         0          OK          
5367   1         0          OK          
5368   1         0          OK          
5369   1         0          OK          
5370   1         0          OK          
5371   1         0          OK          
5372   1         0          OK          
5373   1         0          OK          
5374   1         0          OK          
5375   1         0          OK          
5376   1         0          OK          
5377   1         0          OK          
5378   1         1          OK          
5379   1         1          OK          
5380   1         0          OK          
5381   1         0          OK          
5382   1         0          OK          
5383   1         0          OK          
5384   1         0          OK          
5385   1         0          OK          
5386   1         0          OK          
5387   1         0          OK          
5388   1         0          OK          
5389   1         0          OK          
5390   1         0          OK          
5391   1         0          OK          
5392   1         0          OK          
5393   1         0          OK          
5394   1         0          OK          
5395   1         0          OK          
5396   1         0          OK          
5397   1         0          OK          
5398   1         0          OK          
5399   1         0          OK          
5400   1         0          OK          
5401   1         0          OK          
5402   1         0          OK          
5403   1         0          OK          
5404   1         0          OK          
5405   1         0          OK          
5406   1         0          OK          
5407   1         0          OK          
5408   1         0          OK          
5409   1         0          OK          
5410   1         0          OK          
5411   1         0          OK          
5412   1         0          OK          
5413   1         0          OK          
5414   1         0          OK          
5415   1         0          OK          
5416   1         0          OK          
5417   1         0          OK          
5418   1         0          OK          
5419   1         0          OK          
5420   1         0          OK          
5421   1         0          OK          
5422   1         0          OK          
5423   1         0          OK          
5424   1         0          OK          
5425   1         0          OK          
5426   1         1          OK          
5427   1         1          OK          
5428   1         0          OK          
5429   1         0          OK          
5430   1         0          OK          
5431   1         0          OK          
5432   1         0          OK          
5433   1         0          OK          
5434   1         1          OK          
5435   1         1          OK          
5436   1         0          OK          
5437   1         0          OK          
5438   1         0          OK          
5439   1         0          OK          
5440   1         0          OK          
5441   1         0          OK          
5442   1         0          OK          
5443   1         0          OK          
5444   1         0          OK          
5445   1         0          OK          
5446   1         0          OK          
5447   1         0          OK          
5448   1         0          OK          
5449   1         0          OK          
5450   1         0          OK          
5451   1         0          OK          
5452   1         0          OK          
5453   1         0          OK          
5454   1         1          OK          
5455   1         0          OK          
5456   1         0          OK          
5457   1         0          OK          
5458   1         1          OK          
5459   1         0          OK          
5460   1         1          OK          
5461   1         0          OK          
5462   1         0          OK          
5463   1         0          OK          
5464   1         0          OK          
5465   1         0          OK          
5466   1         0          OK          
5467   1         0          OK          
5468   1         0          OK          
5469   1         0          OK          
5470   1         0          OK          
5471   1         0          OK          
5472   1         0          OK          
5473   1         0          OK          
5474   1         0          OK          
5475   1         0          OK          
5476   1         0          OK          
5477   1         0          OK          
5478   1         1          OK          
5479   1         1          OK          
5480   1         0          OK          
5481   1         0          OK          
5482   1         0          OK          
5483   1         0          OK          
5484   1         0          OK          
5485   1         0          OK          
5486   1         1          OK          
5487   1         1          OK          
5488   1         0          OK          
5489   1         0          OK          
5490   1         0          OK          
5491   1         0          OK          
5492   1         0          OK          
5493   1         0          OK          
5494   1         0          OK          
5495   1         0          OK          
5496   1         0          OK          
5497   1         0          OK          
5498   1         0          OK          
5499   1         0          OK          
5500   1         0          OK          
5501   1         0          OK          
5502   1         0          OK          
5503   1         0          OK          
5504   1         0          OK          
5505   1         0          OK          
5506   1         0          OK          
5507   1         0          OK          
5508   1         0          OK          
5509   1         0          OK          
5510   1         0          OK          
5511   1         0          OK          
5512   1         0          OK          
5513   1         1          OK          
5514   1         0          OK          
5515   1         0          OK          
5516   1         0          OK          
5517   1         0          OK          
5518   1         0          OK          
5519   1         0          OK          
5520   1         0          OK          
5521   1         0          OK          
5522   1         0          OK          
5523   1         0          OK          
5524   1         0          OK          
5525   1         0          OK          
5526   1         0          OK          
5527   1         0          OK          
5528   1         0          OK          
5529   1         0          OK          
5530   1         0          OK          
5531   1         0          OK          
5532   1         0          OK          
5533   1         0          OK          
5534   1         0          OK          
5535   1         0          OK          
5536   1         0          OK          
5537   1         0          OK          
5538   1         0          OK          
5539   1         0          OK          
5540   1         0          OK          
5541   1         0          OK          
5542   1         0          OK          
5543   1         0          OK          
5544   1         0          OK          
5545   1         0          OK          
5546   1         0          OK          
5547   1         0          OK          
5548   1         0          OK          
5549   1         0          OK          
5550   1         0          OK          
5551   1         0          OK          
5552   1         0          OK          
5553   1         0          OK          
5554   1         0          OK          
5555   1         0          OK          
5556   1         0          OK          
5557   1         0          OK          
5558   1         0          OK          
5559   1         0          OK          
5560   1         1          OK          
5561   1         0          OK          
5562   1         0          OK          
5563   1         0          OK          
5564   1         0          OK          
5565   1         0          OK          
5566   1         0          OK          
5567   1         0          OK          
5568   1         0          OK          
5569   1         0          OK          
5570   1         0          OK          
5571   1         0          OK          
5572   1         0          OK          
5573   1         0          OK          
5574   1         0          OK          
5575   1         0          OK          
5576   1         0          OK          
5577   1         0          OK          
5578   1         0          OK          
5579   1         0          OK          
5580   1         0          OK          
5581   1         0          OK          
5582   1         0          OK          
5583   1         0          OK          
5584   1         0          OK          
5585   1         0          OK          
5586   1         0          OK          
5587   1         0          OK          
5588   1         0          OK          
5589   1         0          OK          
5590   1         0          OK          
5591   1         0          OK          
5592   1         1          OK          
5593   1         0          OK          
5594   1         0          OK          
5595   1         0          OK          
5596   1         0          OK          
5597   1         0          OK          
5598   1         0          OK          
5599   1         0          OK          
5600   1         0          OK          
5601   1         0          OK          
5602   1         0          OK          
5603   1         0          OK          
5604   1         0          OK          
5605   1         0          OK          
5606   1         0          OK          
5607   1         0          OK          
5608   1         0          OK          
5609   1         0          OK          
5610   1         0          OK          
5611   1         0          OK          
5612   1         0          OK          
5613   1         0          OK          
5614   1         0          OK          
5615   1         0          OK          
5616   1         0          OK          
5617   1         0          OK          
5618   1         0          OK          
5619   1         0          OK          
5620   1         0          OK          
5621   1         0          OK          
5622   1         0          OK          
5623   1         0          OK          
5624   1         0          OK          
5625   1         0          OK          
5626   1         0          OK          
5627   1         0          OK          
5628   1         0          OK          
5629   1         0          OK          
5630   1         0          OK          
5631   1         0          OK          
5632   1         0          OK          
5633   1         0          OK          
5634   1         0          OK          
5635   1         0          OK          
5636   1         0          OK          
5637   1         0          OK          
5638   1         0          OK          
5639   1         0          OK          
5640   1         0          OK          
5641   1         0          OK          
5642   1         0          OK          
5643   1         0          OK          
5644   1         0          OK          
5645   1         0          OK          
5646   1         0          OK          
5647   1         0          OK          
5648   1         0          OK          
5649   1         0          OK          
5650   1         0          OK          
5651   1         0          OK          
5652   1         0          OK          
5653   1         0          OK          
5654   1         0          OK          
5655   1         0          OK          
5656   1         0          OK          
5657   1         0          OK          
5658   1         0          OK          
5659   1         0          OK          
5660   1         0          OK          
5661   1         0          OK          
5662   1         0          OK          
5663   1         0          OK          
5664   1         0          OK          
5665   1         0          OK          
5666   1         0          OK          
5667   1         0          OK          
5668   1         0          OK          
5669   1         0          OK          
5670   1         0          OK          
5671   1         0          OK          
5672   1         0          OK          
5673   1         0          OK          
5674   1         0          OK          
5675   1         0          OK          
5676   1         0          OK          
5677   1         0          OK          
5678   1         0          OK          
5679   1         0          OK          
5680   1         0          OK          
5681   1         0          OK          
5682   1         0          OK          
5683   1         0          OK          
5684   1         0          OK          
5685   1         0          OK          
5686   1         0          OK          
5687   1         0          OK          
5688   1         0          OK          
5689   1         0          OK          
5690   1         0          OK          
5691   1         0          OK          
5692   1         0          OK          
5693   1         0          OK          
5694   1         0          OK          
5695   1         0          OK          
5696   1         0          OK          
5697   1         0          OK          
5698   1         0          OK          
5699   1         0          OK          
5700   1         0          OK          
5701   1         0          OK          
5702   1         0          OK          
5703   1         0          OK          
5704   1         0          OK          
5705   1         0          OK          
5706   1         0          OK          
5707   1         0          OK          
5708   1         0          OK          
5709   1         0          OK          
5710   1         1          OK          
5711   1         1          OK          
5712   1         0          OK          
5713   1         0          OK          
5714   1         0          OK          
5715   1         0          OK          
5716   1         0          OK          
5717   1         0          OK          
5718   1         0          OK          
5719   1         1          OK          
5720   1         0          OK          
5721   1         0          OK          
5722   1         1          OK          
5723   1         1          OK          
5724   1         0          OK          
5725   1         0          OK          
5726   1         0          OK          
5727   1         0          OK          
5728   1         0          OK          
5729   1         0          OK          
5730   1         0          OK          
5731   1         0          OK          
5732   1         0          OK          
5733   1         0          OK          
5734   1         0          OK          
5735   1         0          OK          
5736   1         0          OK          
5737   1         0          OK          
5738   1         1          OK          
5739   1         0          OK          
5740   1         0          OK          
5741   1         0          OK          
5742   1         0          OK          
5743   1         0          OK          
5744   1         0          OK          
5745   1         0          OK          
5746   1         1          OK          
5747   1         1          OK          
5748   1         0          OK          
5749   1         0          OK          
5750   1         1          OK          
5751   1         1          OK          
5752   1         0          OK          
5753   1         0          OK          
5754   1         0          OK          
5755   1         0          OK          
5756   1         0          OK          
5757   1         0          OK          
5758   1         0          OK          
5759   1         0          OK          
5760   1         0          OK          
5761   1         0          OK          
5762   1         0          OK          
5763   1         0          OK          
5764   1         0          OK          
5765   1         0          OK          
5766   1         0          OK          
5767   1         0          OK          
5768   1         0          OK          
5769   1         0          OK          
5770   1         0          OK          
5771   1         0          OK          
5772   1         0          OK          
5773   1         0          OK          
5774   1         0          OK          
5775   1         0          OK          
5776   1         0          OK          
5777   1         0          OK          
5778   1         0          OK          
5779   1         0          OK          
5780   1         0          OK          
5781   1         0          OK          
5782   1         0          OK          
5783   1         0          OK          
5784   1         0          OK          
5785   1         0          OK          
5786   1         0          OK          
5787   1         0          OK          
5788   1         0          OK          
5789   1         0          OK          
5790   1         1          OK          
5791   1         0          OK          
5792   1         0          OK          
5793   1         0          OK          
5794   1         0          OK          
5795   1         0          OK          
5796   1         0          OK          
5797   1         0          OK          
5798   1         0          OK          
5799   1         0          OK          
5800   1         0          OK          
5801   1         0          OK          
5802   1         1          OK          
5803   1         1          OK          
5804   1         0          OK          
5805   1         0          OK          
5806   1         0          OK          
5807   1         0          OK          
5808   1         0          OK          
5809   1         0          OK          
5810   1         0          OK          
5811   1         0          OK          
5812   1         0          OK          
5813   1         0          OK          
5814   1         0          OK          
5815   1         0          OK          
5816   1         0          OK          
5817   1         0          OK          
5818   1         0          OK          
5819   1         0          OK          
5820   1         0          OK          
5821   1         0          OK          
5822   1         0          OK          
5823   1         0          OK          
5824   1         0          OK          
5825   1         0          OK          
5826   1         0          OK          
5827   1         0          OK          
5828   1         0          OK          
5829   1         0          OK          
5830   1         0          OK          
5831   1         0          OK          
5832   1         0          OK          
5833   1         0          OK          
5834   1         1          OK          
5835   1         1          OK          
5836   1         0          OK          
5837   1         0          OK          
5838   1         0          OK          
5839   1         0          OK          
5840   1         0          OK          
5841   1         0          OK          
5842   1         0          OK          
5843   1         0          OK          
5844   1         0          OK          
5845   1         0          OK          
5846   1         0          OK          
5847   1         0          OK          
5848   1         0          OK          
5849   1         0          OK          
5850   1         0          OK          
5851   1         0          OK          
5852   1         0          OK          
5853   1         0          OK          
5854   1         0          OK          
5855   1         0          OK          
5856   1         0          OK          
5857   1         0          OK          
5858   1         0          OK          
5859   1         0          OK          
5860   1         0          OK          
5861   1         0          OK          
5862   1         0          OK          
5863   1         0          OK          
5864   1         0          OK          
5865   1         0          OK          
5866   1         0          OK          
5867   1         0          OK          
5868   1         0          OK          
5869   1         0          OK          
5870   1         0          OK          
5871   1         0          OK          
5872   1         0          OK          
5873   1         0          OK          
5874   1         0          OK          
5875   1         0          OK          
5876   1         0          OK          
5877   1         0          OK          
5878   1         0          OK          
5879   1         0          OK          
5880   1         1          OK          
5881   1         1          OK          
5882   1         0          OK          
5883   1         0          OK          
5884   1         0          OK          
5885   1         0          OK          
5886   1         0          OK          
5887   1         0          OK          
5888   1         0          OK          
5889   1         1          OK          
5890   1         0          OK          
5891   1         0          OK          
5892   1         0          OK          
5893   1         0          OK          
5894   1         0          OK          
5895   1         0          OK          
5896   1         1          OK          
5897   1         1          OK          
5898   1         0          OK          
5899   1         0          OK          
5900   1         0          OK          
5901   1         0          OK          
5902   1         0          OK          
5903   1         0          OK          
5904   1         0          OK          
5905   1         0          OK          
5906   1         0          OK          
5907   1         0          OK          
5908   1         0          OK          
5909   1         0          OK          
5910   1         0          OK          
5911   1         0          OK          
5912   1         1          OK          
5913   1         1          OK          
5914   1         0          OK          
5915   1         0          OK          
5916   1         0          OK          
5917   1         0          OK          
5918   1         0          OK          
5919   1         0          OK          
5920   1         1          OK          
5921   1         1          OK          
5922   1         0          OK          
5923   1         0          OK          
5924   1         0          OK          
5925   1         0          OK          
5926   1         0          OK          
5927   1         0          OK          
5928   1         0          OK          
5929   1         0          OK          
5930   1         0          OK          
5931   1         0          OK          
5932   1         1          OK          
5933   1         1          OK          
5934   1         0          OK          
5935   1         0          OK          
5936   1         0          OK          
5937   1         0          OK          
5938   1         0          OK          
5939   1         0          OK          
5940   1         0          OK          
5941   1         0          OK          
5942   1         0          OK          
5943   1         0          OK          
5944   1         1          OK          
5945   1         0          OK          
5946   1         0          OK          
5947   1         0          OK          
5948   1         0          OK          
5949   1         0          OK          
5950   1         0          OK          
5951   1         0          OK          
5952   1         0          OK          
5953   1         0          OK          
5954   1         0          OK          
5955   1         0          OK          
5956   1         0          OK          
5957   1         0          OK          
5958   1         0          OK          
5959   1         0          OK          
5960   1         0          OK          
5961   1         0          OK          
5962   1         0          OK          
5963   1         0          OK          
5964   1         0          OK          
5965   1         0          OK          
5966   1         0          OK          
5967   1         0          OK          
5968   1         0          OK          
5969   1         0          OK          
5970   1         0          OK          
5971   1         0          OK          
5972   1         0          OK          
5973   1         0          OK          
5974   1         0          OK          
5975   1         0          OK          
5976   1         0          OK          
5977   1         0          OK          
5978   1         0          OK          
5979   1         0          OK          
5980   1         0          OK          
5981   1         0          OK          
5982   1         0          OK          
5983   1         0          OK          
5984   1         0          OK          
5985   1         0          OK          
5986   1         0          OK          
5987   1         0          OK          
5988   1         0          OK          
5989   1         0          OK          
5990   1         0          OK          
5991   1         0          OK          
5992   1         0          OK          
5993   1         0          OK          
5994   1         0          OK          
5995   1         0          OK          
5996   1         0          OK          
5997   1         0          OK          
5998   1         0          OK          
5999   1         0          OK          
6000   1         0          OK          
6001   1         0          OK          
6002   1         0          OK          
6003   1         0          OK          
6004   1         0          OK          
6005   1         0          OK          
6006   1         0          OK          
6007   1         0          OK          
6008   1         0          OK          
6009   1         0          OK          
6010   1         0          OK          
6011   1         0          OK          
6012   1         0          OK          
6013   1         0          OK          
6014   1         0          OK          
6015   1         0          OK          
6016   1         0          OK          
6017   1         0          OK          
6018   1         1          OK          
6019   1         1          OK          
6020   1         0          OK          
6021   1         0          OK          
6022   1         0          OK          
6023   1         0          OK          
6024   1         1          OK          
6025   1         1          OK          
6026   1         0          OK          
6027   1         0          OK          
6028   1         0          OK          
6029   1         0          OK          
6030   1         0          OK          
6031   1         0          OK          
6032   1         0          OK          
6033   1         0          OK          
6034   1         0          OK          
6035   1         0          OK          
6036   1         0          OK          
6037   1         0          OK          
6038   1         0          OK          
6039   1         0          OK          
6040   1         0          OK          
6041   1         0          OK          
6042   1         0          OK          
6043   1         0          OK          
6044   1         0          OK          
6045   1         0          OK          
6046   1         0          OK          
6047   1         0          OK          
6048   1         0          OK          
6049   1         0          OK          
6050   1         0          OK          
6051   1         0          OK          
6052   1         0          OK          
6053   1         0          OK          
6054   1         1          OK          
6055   1         1          OK          
6056   1         0          OK          
6057   1         0          OK          
6058   1         0          OK          
6059   1         0          OK          
6060   1         0          OK          
6061   1         0          OK          
6062   1         0          OK          
6063   1         0          OK          
6064   1         0          OK          
6065   1         0          OK          
6066   1         0          OK          
6067   1         0          OK          
6068   1         0          OK          
6069   1         0          OK          
6070   1         0          OK          
6071   1         0          OK          
6072   1         0          OK          
6073   1         0          OK          
6074   1         0          OK          
6075   1         0          OK          
6076   1         1          OK          
6077   1         1          OK          
6078   1         0          OK          
6079   1         0          OK          
6080   1         0          OK          
6081   1         0          OK          
6082   1         0          OK          
6083   1         0          OK          
6084   1         0          OK          
6085   1         0          OK          
6086   1         0          OK          
6087   1         0          OK          
6088   1         0          OK          
6089   1         0          OK          
6090   1         0          OK          
6091   1         0          OK          
6092   1         0          OK          
6093   1         0          OK          
6094   1         0          OK          
6095   1         0          OK          
6096   1         0          OK          
6097   1         0          OK          
6098   1         1          OK          
6099   1         1          OK          
6100   1         0          OK          
6101   1         0          OK          
6102   1         0          OK          
6103   1         0          OK          
6104   1         0          OK          
6105   1         0          OK          
6106   1         0          OK          
6107   1         0          OK          
6108   1         0          OK          
6109   1         0          OK          
6110   1         0          OK          
6111   1         0          OK          
6112   1         0          OK          
6113   1         0          OK          
6114   1         0          OK          
6115   1         0          OK          
6116   1         0          OK          
6117   1         0          OK          
6118   1         1          OK          
6119   1         1          OK          
6120   1         0          OK          
6121   1         0          OK          
6122   1         0          OK          
6123   1         0          OK          
6124   1         0          OK          
6125   1         0          OK          
6126   1         1          OK          
6127   1         1          OK          
6128   1         0          OK          
6129   1         0          OK          
6130   1         0          OK          
6131   1         0          OK          
6132   1         0          OK          
6133   1         0          OK          
6134   1         0          OK          
6135   1         0          OK          
6136   1         0          OK          
6137   1         0          OK          
6138   1         0          OK          
6139   1         0          OK          
6140   1         0          OK          
6141   1         0          OK          
6142   1         0          OK          
6143   1         0          OK          
6144   1         0          OK          
6145   1         0          OK          
6146   1         0          OK          
6147   1         0          OK          
6148   1         0          OK          
6149   1         0          OK          
6150   1         0          OK          
6151   1         0          OK          
6152   1         0          OK          
6153   1         0          OK          
6154   1         0          OK          
6155   1         0          OK          
6156   1         0          OK          
6157   1         0          OK          
6158   1         0          OK          
6159   1         0          OK          
6160   1         0          OK          
6161   1         0          OK          
6162   1         1          OK          
6163   1         0          OK          
6164   1         0          OK          
6165   1         0          OK          
6166   1         0          OK          
6167   1         0          OK          
6168   1         0          OK          
6169   1         0          OK          
6170   1         0          OK          
6171   1         0          OK          
6172   1         0          OK          
6173   1         0          OK          
6174   1         0          OK          
6175   1         0          OK          
6176   1         0          OK          
6177   1         0          OK          
6178   1         0          OK          
6179   1         0          OK          
6180   1         0          OK          
6181   1         0          OK          
6182   1         0          OK          
6183   1         0          OK          
6184   1         0          OK          
6185   1         0          OK          
6186   1         0          OK          
6187   1         0          OK          
6188   1         0          OK          
6189   1         0          OK          
6190   1         0          OK          
6191   1         0          OK          
6192   1         0          OK          
6193   1         0          OK          
6194   1         0          OK          
6195   1         0          OK          
6196   1         0          OK          
6197   1         0          OK          
6198   1         0          OK          
6199   1         0          OK          
6200   1         0          OK          
6201   1         0          OK          
6202   1         0          OK          
6203   1         0          OK          
6204   1         0          OK          
6205   1         0          OK          
6206   1         1          OK          
6207   1         1          OK          
6208   1         0          OK          
6209   1         0          OK          
6210   1         0          OK          
6211   1         0          OK          
6212   1         0          OK          
6213   1         0          OK          
6214   1         0          OK          
6215   1         0          OK          
6216   1         0          OK          
6217   1         0          OK          
6218   1         0          OK          
6219   1         0          OK          
6220   1         1          OK          
6221   1         0          OK          
6222   1         0          OK          
6223   1         0          OK          
6224   1         0          OK          
6225   1         0          OK          
6226   1         0          OK          
6227   1         0          OK          
6228   1         0          OK          
6229   1         0          OK          
6230   1         0          OK          
6231   1         0          OK          
6232   1         0          OK          
6233   1         0          OK          
6234   1         0          OK          
6235   1         0          OK          
6236   1         1          OK          
6237   1         0          OK          
6238   1         0          OK          
6239   1         0          OK          
6240   1         0          OK          
6241   1         0          OK          
6242   1         0          OK          
6243   1         0          OK          
6244   1         0          OK          
6245   1         0          OK          
6246   1         0          OK          
6247   1         0          OK          
6248   1         0          OK          
6249   1         0          OK          
6250   1         0          OK          
6251   1         0          OK          
6252   1         0          OK          
6253   1         0          OK          
6254   1         0          OK          
6255   1         0          OK          
6256   1         0          OK          
6257   1         0          OK          
6258   1         0          OK          
6259   1         0          OK          
6260   1         0          OK          
6261   1         0          OK          
6262   1         0          OK          
6263   1         0          OK          
6264   1         0          OK          
6265   1         0          OK          
6266   1         0          OK          
6267   1         0          OK          
6268   1         1          OK          
6269   1         1          OK          
6270   1         0          OK          
6271   1         0          OK          
6272   1         0          OK          
6273   1         0          OK          
6274   1         0          OK          
6275   1         1          OK          
6276   1         0          OK          
6277   1         0          OK          
6278   1         0          OK          
6279   1         0          OK          
6280   1         0          OK          
6281   1         0          OK          
6282   1         0          OK          
6283   1         0          OK          
6284   1         0          OK          
6285   1         0          OK          
6286   1         0          OK          
6287   1         0          OK          
6288   1         0          OK          
6289   1         0          OK          
6290   1         0          OK          
6291   1         0          OK          
6292   1         0          OK          
6293   1         0          OK          
6294   1         0          OK          
6295   1         0          OK          
6296   1         1          OK          
6297   1         0          OK          
6298   1         0          OK          
6299   1         0          OK          
6300   1         1          OK          
6301   1         1          OK          
6302   1         0          OK          
6303   1         0          OK          
6304   1         0          OK          
6305   1         0          OK          
6306   1         0          OK          
6307   1         0          OK          
6308   1         0          OK          
6309   1         0          OK          
6310   1         0          OK          
6311   1         0          OK          
6312   1         0          OK          
6313   1         0          OK          
6314   1         0          OK          
6315   1         0          OK          
6316   1         0          OK          
6317   1         0          OK          
6318   1         0          OK          
6319   1         0          OK          
6320   1         0          OK          
6321   1         0          OK          
6322   1         0          OK          
6323   1         0          OK          
6324   1         0          OK          
6325   1         0          OK          
6326   1         0          OK          
6327   1         0          OK          
6328   1         0          OK          
6329   1         0          OK          
6330   1         0          OK          
6331   1         0          OK          
6332   1         0          OK          
6333   1         0          OK          
6334   1         0          OK          
6335   1         0          OK          
6336   1         0          OK          
6337   1         0          OK          
6338   1         0          OK          
6339   1         0          OK          
6340   1         1          OK          
6341   1         1          OK          
6342   1         0          OK          
6343   1         0          OK          
6344   1         0          OK          
6345   1         0          OK          
6346   1         0          OK          
6347   1         0          OK          
6348   1         0          OK          
6349   1         0          OK          
6350   1         0          OK          
6351   1         0          OK          
6352   1         0          OK          
6353   1         0          OK          
6354   1         0          OK          
6355   1         0          OK          
6356   1         0          OK          
6357   1         0          OK          
6358   1         0          OK          
6359   1         0          OK          
6360   1         0          OK          
6361   1         0          OK          
6362   1         0          OK          
6363   1         0          OK          
6364   1         0          OK          
6365   1         0          OK          
6366   1         0          OK          
6367   1         0          OK          
6368   1         0          OK          
6369   1         0          OK          
6370   1         0          OK          
6371   1         0          OK          
6372   1         0          OK          
6373   1         0          OK          
6374   1         0          OK          
6375   1         0          OK          
6376   1         0          OK          
6377   1         0          OK          
6378   1         0          OK          
6379   1         0          OK          
6380   1         0          OK          
6381   1         0          OK          
6382   1         0          OK          
6383   1         0          OK          
6384   1         0          OK          
6385   1         0          OK          
6386   1         0          OK          
6387   1         0          OK          
6388   1         0          OK          
6389   1         0          OK          
6390   1         0          OK          
6391   1         0          OK          
6392   1         0          OK          
6393   1         0          OK          
6394   1         0          OK          
6395   1         0          OK          
6396   1         0          OK          
6397   1         0          OK          
6398   1         0          OK          
6399   1         0          OK          
6400   1         0          OK          
6401   1         0          OK          
6402   1         0          OK          
6403   1         0          OK          
6404   1         0          OK          
6405   1         0          OK          
6406   1         0          OK          
6407   1         0          OK          
6408   1         0          OK          
6409   1         0          OK          
6410   1         0          OK          
6411   1         0          OK          
6412   1         0          OK          
6413   1         0          OK          
6414   1         0          OK          
6415   1         0          OK          
6416   1         0          OK          
6417   1         0          OK          
6418   1         0          OK          
6419   1         0          OK          
6420   1         0          OK          
6421   1         0          OK          
6422   1         0          OK          
6423   1         0          OK          
6424   1         0          OK          
6425   1         0          OK          
6426   1         0          OK          
6427   1         0          OK          
6428   1         0          OK          
6429   1         0          OK          
6430   1         0          OK          
6431   1         0          OK          
6432   1         0          OK          
6433   1         0          OK          
6434   1         0          OK          
6435   1         0          OK          
6436   1         0          OK          
6437   1         0          OK          
6438   1         0          OK          
6439   1         0          OK          
6440   1         0          OK          
6441   1         0          OK          
6442   1         0          OK          
6443   1         0          OK          
6444   1         0          OK          
6445   1         0          OK          
6446   1         0          OK          
6447   1         0          OK          
6448   1         0          OK          
6449   1         0          OK          
6450   1         1          OK          
6451   1         1          OK          
6452   1         0          OK          
6453   1         1          OK          
6454   1         0          OK          
6455   1         0          OK          
6456   1         0          OK          
6457   1         0          OK          
6458   1         0          OK          
6459   1         0          OK          
6460   1         0          OK          
6461   1         0          OK          
6462   1         0          OK          
6463   1         0          OK          
6464   1         0          OK          
6465   1         0          OK          
6466   1         0          OK          
6467   1         0          OK          
